"Tanggal","Terakhir","Pembukaan","Tertinggi","Terendah","Vol.","Perubahan%"
"12/03/2025","1.081","1.069","1.081","1.066","215,20K","2,08%"
"11/03/2025","1.059","1.063","1.063","1.057","324,00K","-1,03%"
"10/03/2025","1.070","1.071","1.073","1.066","260,00K","-0,93%"
"07/03/2025","1.080","1.084","1.084","1.080","300,00K","-0,74%"
"06/03/2025","1.088","1.092","1.093","1.082","200,30K","0,83%"
"05/03/2025","1.079","1.078","1.079","1.069","201,10K","2,66%"
"04/03/2025","1.051","1.047","1.051","1.039","200,10K","3,96%"
"03/03/2025","1.011","1.011","1.011","1.011","0,10K","0,00%"
"28/02/2025","1.011","1.021","1.028","1.011","242,10K","-3,81%"
"27/02/2025","1.051","1.067","1.067","1.042","202,40K","-1,50%"
"26/02/2025","1.067","1.076","1.076","1.063","205,10K","-1,02%"
"25/02/2025","1.078","1.092","1.092","1.078","0,40K","-2,18%"
"24/02/2025","1.102","1.092","1.102","1.092","0,20K","-1,08%"
"20/02/2025","1.114","1.114","1.114","1.114","0,10K","-0,62%"
"19/02/2025","1.121","1.121","1.121","1.121","0,10K","-2,27%"
"18/02/2025","1.147","1.152","1.152","1.147","8,10K","0,53%"
"17/02/2025","1.141","1.106","1.141","1.106","0,30K","3,45%"
"14/02/2025","1.103","1.103","1.103","1.103","0,10K","0,00%"
"13/02/2025","1.103","1.094","1.103","1.094","0,20K","-0,45%"
"12/02/2025","1.108","1.108","1.108","1.108","0,10K","1,37%"
"11/02/2025","1.093","1.106","1.106","1.093","7,90K","-1,26%"
"10/02/2025","1.107","1.110","1.110","1.107","7,10K","-0,45%"
"07/02/2025","1.112","1.109","1.112","1.109","4,10K","0,27%"
"06/02/2025","1.109","1.109","1.109","1.109","0,10K","-3,65%"
"05/02/2025","1.151","1.151","1.151","1.151","0,10K","-1,12%"
"04/02/2025","1.164","1.164","1.164","1.164","0,10K","0,78%"
"03/02/2025","1.155","1.153","1.155","1.149","1,20K","-2,45%"
"31/01/2025","1.184","1.184","1.184","1.184","0,10K","2,25%"
"30/01/2025","1.158","1.188","1.188","1.158","2,70K","-2,53%"
"24/01/2025","1.188","1.188","1.188","1.188","0,10K","-0,75%"
"23/01/2025","1.197","1.197","1.197","1.197","0,10K","0,08%"
"22/01/2025","1.196","1.192","1.196","1.192","0,20K","0,67%"
"21/01/2025","1.188","1.183","1.195","1.183","0,30K","0,42%"
"17/01/2025","1.183","1.190","1.190","1.183","0,20K","0,42%"
"16/01/2025","1.178","1.178","1.178","1.178","0,10K","0,43%"
"15/01/2025","1.173","1.154","1.173","1.154","0,20K","2,36%"
"14/01/2025","1.146","1.153","1.153","1.146","4,80K","-0,78%"
"13/01/2025","1.155","1.155","1.155","1.155","2,00K","-1,20%"
"10/01/2025","1.169","1.169","1.169","1.169","0,10K","-0,43%"
"09/01/2025","1.174","1.174","1.174","1.174","0,10K","1,47%"
"08/01/2025","1.157","1.169","1.169","1.157","0,20K","-0,60%"
"07/01/2025","1.164","1.164","1.164","1.164","0,10K","-0,68%"
"06/01/2025","1.172","1.172","1.172","1.172","0,10K","-1,51%"
"03/01/2025","1.190","1.190","1.190","1.190","0,10K","0,08%"
"02/01/2025","1.189","1.184","1.189","1.184","0,20K","1,36%"
"30/12/2024","1.173","1.161","1.173","1.161","0,20K","-0,42%"
"24/12/2024","1.178","1.178","1.178","1.178","0,10K","0,43%"
"23/12/2024","1.173","1.173","1.173","1.173","0,10K","0,95%"
"20/12/2024","1.162","1.162","1.162","1.162","0,10K","0,43%"
"19/12/2024","1.157","1.160","1.160","1.150","12,70K","-2,45%"
"18/12/2024","1.186","1.184","1.186","1.184","13,10K","-0,25%"
"17/12/2024","1.189","1.191","1.198","1.189","0,40K","-1,65%"
"16/12/2024","1.209","1.214","1.214","1.209","7,10K","-0,66%"
"13/12/2024","1.217","1.217","1.217","1.217","0,10K","-1,38%"
"12/12/2024","1.234","1.234","1.234","1.234","0,10K","-1,75%"
"11/12/2024","1.256","1.256","1.256","1.248","2,70K","0,32%"
"10/12/2024","1.252","1.241","1.252","1.241","0,20K","0,24%"
"09/12/2024","1.249","1.247","1.249","1.247","4,90K","0,16%"
"06/12/2024","1.247","1.240","1.247","1.240","0,20K","0,56%"
"04/12/2024","1.240","1.239","1.240","1.239","0,20K","1,72%"
"03/12/2024","1.219","1.210","1.219","1.210","0,20K","2,52%"
"02/12/2024","1.189","1.204","1.204","1.189","0,20K","-0,67%"
"29/11/2024","1.197","1.197","1.197","1.197","0,10K","-1,80%"
"28/11/2024","1.219","1.245","1.245","1.219","6,60K","-2,09%"
"25/11/2024","1.245","1.214","1.245","1.214","7,10K","2,55%"
"22/11/2024","1.214","1.214","1.214","1.214","0,10K","0,50%"
"21/11/2024","1.208","1.208","1.208","1.208","0,10K","-0,82%"
"19/11/2024","1.218","1.217","1.218","1.217","0,20K","0,33%"
"18/11/2024","1.214","1.214","1.214","1.214","0,90K","-0,65%"
"15/11/2024","1.222","1.224","1.224","1.212","5,20K","-0,49%"
"14/11/2024","1.228","1.239","1.239","1.228","1,90K","-0,89%"
"12/11/2024","1.239","1.227","1.239","1.227","0,30K","0,90%"
"11/11/2024","1.228","1.224","1.234","1.224","0,30K","-1,13%"
"08/11/2024","1.242","1.242","1.242","1.242","0,10K","-0,88%"
"07/11/2024","1.253","1.261","1.261","1.253","0,30K","-1,34%"
"06/11/2024","1.270","1.286","1.286","1.270","0,50K","-1,85%"
"05/11/2024","1.294","1.294","1.294","1.294","0,10K","0,47%"
"04/11/2024","1.288","1.272","1.288","1.272","3,30K","0,39%"
"01/11/2024","1.283","1.280","1.283","1.280","3,10K","-0,85%"
"30/10/2024","1.294","1.287","1.294","1.287","0,20K","-0,77%"
"29/10/2024","1.304","1.304","1.304","1.304","0,10K","-0,69%"
"28/10/2024","1.313","1.313","1.313","1.313","0,10K","-0,91%"
"25/10/2024","1.325","1.325","1.325","1.325","0,10K","-0,53%"
"24/10/2024","1.332","1.325","1.332","1.325","0,20K","-0,22%"
"22/10/2024","1.335","1.335","1.335","1.335","0,10K","-0,89%"
"17/10/2024","1.347","1.324","1.347","1.324","0,20K","1,74%"
"16/10/2024","1.324","1.324","1.324","1.324","0,10K","0,00%"
"15/10/2024","1.324","1.324","1.324","1.324","0,10K","1,15%"
"11/10/2024","1.309","1.309","1.309","1.309","0,40K","0,00%"
"10/10/2024","1.309","1.309","1.309","1.309","0,10K","-0,53%"
"09/10/2024","1.316","1.311","1.316","1.311","0,30K","-0,60%"
"08/10/2024","1.324","1.294","1.324","1.294","1,00K","2,08%"
"07/10/2024","1.297","1.297","1.297","1.297","0,10K","-0,46%"
"04/10/2024","1.303","1.303","1.303","1.303","0,10K","-1,14%"
"02/10/2024","1.318","1.318","1.318","1.318","0,10K","-1,05%"
"01/10/2024","1.332","1.319","1.332","1.319","3,10K","0,76%"
"30/09/2024","1.322","1.315","1.322","1.315","0,20K","-1,64%"
"27/09/2024","1.344","1.340","1.344","1.340","0,20K","-0,52%"
"26/09/2024","1.351","1.351","1.351","1.351","0,10K","-0,66%"
"25/09/2024","1.360","1.365","1.365","1.339","7,00K","-1,66%"
"24/09/2024","1.383","1.379","1.383","1.379","2,40K","0,29%"
"23/09/2024","1.379","1.379","1.379","1.379","0,10K","0,22%"
"20/09/2024","1.376","1.382","1.382","1.372","2,30K","-0,43%"
"19/09/2024","1.382","1.376","1.382","1.376","0,20K","1,47%"
"18/09/2024","1.362","1.350","1.362","1.350","2,60K","0,59%"
"17/09/2024","1.354","1.343","1.354","1.343","2,00K","0,82%"
"13/09/2024","1.343","1.343","1.343","1.343","0,30K","-0,37%"
"12/09/2024","1.348","1.339","1.348","1.339","0,30K","0,75%"
"10/09/2024","1.338","1.338","1.338","1.338","0,10K","0,53%"
"09/09/2024","1.331","1.326","1.331","1.324","0,40K","-0,52%"
"06/09/2024","1.338","1.325","1.338","1.325","0,30K","0,60%"
"05/09/2024","1.330","1.324","1.330","1.324","0,30K","0,45%"
"03/09/2024","1.324","1.324","1.324","1.324","2,00K","0,00%"
"02/09/2024","1.324","1.324","1.324","1.324","0,10K","0,00%"
"30/08/2024","1.324","1.316","1.324","1.316","1,00M","-0,60%"
"28/08/2024","1.332","1.332","1.332","1.332","0,10K","0,91%"
"27/08/2024","1.320","1.320","1.320","1.320","2,00K","-1,12%"
"26/08/2024","1.335","1.321","1.335","1.321","3,90K","0,53%"
"23/08/2024","1.328","1.328","1.328","1.328","0,10K","1,07%"
"22/08/2024","1.314","1.320","1.320","1.314","4,00K","-1,28%"
"21/08/2024","1.331","1.322","1.331","1.322","0,20K","0,68%"
"20/08/2024","1.322","1.306","1.322","1.306","0,60K","1,61%"
"19/08/2024","1.301","1.294","1.301","1.290","1,00K","-0,38%"
"16/08/2024","1.306","1.298","1.306","1.297","0,30K","0,46%"
"15/08/2024","1.300","1.296","1.300","1.290","4,00K","-0,31%"
"14/08/2024","1.304","1.304","1.304","1.304","0,10K","1,01%"
"13/08/2024","1.291","1.291","1.291","1.291","0,10K","1,10%"
"12/08/2024","1.277","1.282","1.282","1.277","0,30K","-0,39%"
"09/08/2024","1.282","1.272","1.282","1.272","0,20K","0,47%"
"08/08/2024","1.276","1.276","1.276","1.276","0,10K","0,47%"
"07/08/2024","1.270","1.270","1.270","1.270","0,10K","0,71%"
"06/08/2024","1.261","1.251","1.261","1.251","0,20K","0,88%"
"05/08/2024","1.250","1.250","1.250","1.250","5,00K","-2,95%"
"02/08/2024","1.288","1.294","1.294","1.288","5,00K","-0,31%"
"01/08/2024","1.292","1.272","1.292","1.272","18,50K","1,57%"
"30/07/2024","1.272","1.263","1.274","1.263","0,30K","-0,93%"
"29/07/2024","1.284","1.284","1.284","1.284","0,10K","0,31%"
"26/07/2024","1.280","1.279","1.280","1.278","1,50K","0,23%"
"25/07/2024","1.277","1.277","1.277","1.277","3,00K","-0,39%"
"24/07/2024","1.282","1.276","1.282","1.276","0,30K","-0,31%"
"23/07/2024","1.286","1.279","1.286","1.279","0,50K","-0,23%"
"22/07/2024","1.289","1.282","1.290","1.280","0,50K","0,70%"
"19/07/2024","1.280","1.280","1.280","1.280","3,00K","-0,85%"
"18/07/2024","1.291","1.291","1.291","1.291","0,10K","1,65%"
"17/07/2024","1.270","1.270","1.270","1.270","0,10K","0,40%"
"16/07/2024","1.265","1.270","1.270","1.265","5,20K","-0,71%"
"15/07/2024","1.274","1.274","1.274","1.274","0,10K","-1,01%"
"12/07/2024","1.287","1.281","1.287","1.281","0,20K","0,47%"
"11/07/2024","1.281","1.281","1.281","1.281","0,10K","0,23%"
"10/07/2024","1.278","1.278","1.278","1.278","0,10K","1,43%"
"09/07/2024","1.260","1.260","1.260","1.260","0,10K","0,00%"
"08/07/2024","1.260","1.259","1.261","1.250","2,20K","0,08%"
"04/07/2024","1.259","1.250","1.259","1.250","0,20K","0,72%"
"03/07/2024","1.250","1.235","1.250","1.235","0,50K","0,48%"
"28/06/2024","1.244","1.238","1.244","1.238","0,20K","1,88%"
"27/06/2024","1.221","1.208","1.221","1.208","0,30K","1,08%"
"26/06/2024","1.208","1.199","1.208","1.197","0,60K","0,67%"
"25/06/2024","1.200","1.200","1.200","1.200","0,10K","-1,23%"
"24/06/2024","1.215","1.203","1.215","1.202","0,70K","-0,25%"
"21/06/2024","1.218","1.188","1.218","1.188","0,30K","2,53%"
"20/06/2024","1.188","1.165","1.188","1.165","2,00M","1,97%"
"19/06/2024","1.165","1.171","1.171","1.165","0,80K","-0,51%"
"14/06/2024","1.171","1.179","1.179","1.164","0,30K","-1,84%"
"13/06/2024","1.193","1.195","1.206","1.193","1,00M","-0,17%"
"12/06/2024","1.195","1.195","1.195","1.195","2,00K","-1,16%"
"11/06/2024","1.209","1.212","1.212","1.199","2,90K","-1,31%"
"10/06/2024","1.225","1.220","1.225","1.220","0,80K","0,00%"
"07/06/2024","1.225","1.231","1.231","1.225","1,00M","-0,81%"
"06/06/2024","1.235","1.225","1.235","1.225","0,30K","0,82%"
"05/06/2024","1.225","1.225","1.225","1.225","0,10K","-1,53%"
"04/06/2024","1.244","1.237","1.244","1.237","0,30K","0,89%"
"03/06/2024","1.233","1.210","1.233","1.210","0,80K","1,23%"
"30/05/2024","1.218","1.210","1.218","1.190","1,01M","-0,08%"
"29/05/2024","1.219","1.219","1.219","1.212","1,00M","-1,85%"
"28/05/2024","1.242","1.231","1.244","1.231","3,00M","0,89%"
"27/05/2024","1.231","1.235","1.236","1.231","1,00M","-1,05%"
"22/05/2024","1.244","1.240","1.244","1.231","1,00M","0,32%"
"21/05/2024","1.240","1.250","1.250","1.240","4,10K","-1,74%"
"20/05/2024","1.262","1.287","1.287","1.262","1,30K","-2,02%"
"17/05/2024","1.288","1.274","1.288","1.274","2,00M","1,50%"
"16/05/2024","1.269","1.256","1.269","1.256","0,40K","1,12%"
"15/05/2024","1.255","1.243","1.255","1.243","0,30K","0,97%"
"14/05/2024","1.243","1.239","1.250","1.239","1,00M","0,32%"
"13/05/2024","1.239","1.239","1.239","1.239","1,00M","0,08%"
"08/05/2024","1.238","1.240","1.240","1.230","1,03M","-0,96%"
"07/05/2024","1.250","1.250","1.250","1.238","1,03M","-0,79%"
"06/05/2024","1.260","1.251","1.260","1.251","0,20K","0,40%"
"03/05/2024","1.255","1.256","1.258","1.242","5,08M","0,40%"
"02/05/2024","1.250","1.250","1.250","1.245","5,20K","-3,33%"
"30/04/2024","1.293","1.277","1.293","1.277","0,40K","1,81%"
"29/04/2024","1.270","1.243","1.270","1.243","0,70K","0,79%"
"26/04/2024","1.260","1.260","1.270","1.260","1,01M","-2,02%"
"25/04/2024","1.286","1.286","1.286","1.286","0,10K","-0,54%"
"24/04/2024","1.293","1.286","1.293","1.286","0,20K","0,54%"
"23/04/2024","1.286","1.270","1.286","1.270","0,60K","1,26%"
"22/04/2024","1.270","1.274","1.274","1.249","1,01M","-0,24%"
"19/04/2024","1.273","1.257","1.273","1.257","1,10K","-1,09%"
"18/04/2024","1.287","1.287","1.287","1.287","0,10K","-0,16%"
"16/04/2024","1.289","1.280","1.289","1.279","2,00M","-3,23%"
"05/04/2024","1.332","1.332","1.332","1.332","7,20K","0,00%"
"04/04/2024","1.332","1.322","1.332","1.320","0,30K","0,76%"
"02/04/2024","1.322","1.322","1.322","1.322","0,10K","-1,20%"
"01/04/2024","1.338","1.338","1.338","1.338","0,10K","-2,12%"
"28/03/2024","1.367","1.367","1.367","1.367","0,10K","-0,58%"
"27/03/2024","1.375","1.366","1.375","1.366","6,00M","-0,43%"
"26/03/2024","1.381","1.367","1.381","1.367","22,50K","-0,36%"
"25/03/2024","1.386","1.373","1.386","1.373","0,50K","0,95%"
"22/03/2024","1.373","1.373","1.373","1.373","0,10K","-0,44%"
"21/03/2024","1.379","1.370","1.379","1.368","0,80K","0,66%"
"20/03/2024","1.370","1.356","1.371","1.356","25,70K","-0,36%"
"19/03/2024","1.375","1.359","1.375","1.359","2,60K","0,36%"
"18/03/2024","1.370","1.363","1.370","1.363","0,20K","0,29%"
"15/03/2024","1.366","1.366","1.366","1.366","0,10K","-1,09%"
"14/03/2024","1.381","1.363","1.381","1.363","0,20K","1,32%"
"08/03/2024","1.363","1.350","1.363","1.350","2,80K","0,44%"
"07/03/2024","1.357","1.345","1.357","1.345","0,30K","0,89%"
"06/03/2024","1.345","1.325","1.345","1.325","560,10K","1,20%"
"05/03/2024","1.329","1.329","1.329","1.329","13,70K","0,00%"
"04/03/2024","1.329","1.332","1.332","1.329","560,10K","-0,45%"
"01/03/2024","1.335","1.335","1.335","1.335","0,10K","-0,37%"
"27/02/2024","1.340","1.328","1.340","1.328","0,60K","0,22%"
"26/02/2024","1.337","1.335","1.337","1.335","3,70K","-0,22%"
"23/02/2024","1.340","1.340","1.340","1.340","2,00M","-0,74%"
"22/02/2024","1.350","1.342","1.350","1.342","0,20K","0,00%"
"21/02/2024","1.350","1.350","1.350","1.350","0,10K","-1,03%"
"20/02/2024","1.364","1.349","1.364","1.347","0,40K","1,34%"
"19/02/2024","1.346","1.347","1.347","1.339","0,70K","-0,81%"
"16/02/2024","1.357","1.350","1.357","1.345","0,30K","-0,22%"
"15/02/2024","1.360","1.346","1.360","1.346","610,90K","2,03%"
"13/02/2024","1.333","1.333","1.333","1.333","0,10K","-0,30%"
"12/02/2024","1.337","1.321","1.337","1.321","0,60K","1,21%"
"06/02/2024","1.321","1.313","1.321","1.313","0,50K","0,61%"
"05/02/2024","1.313","1.304","1.313","1.304","0,20K","0,00%"
"02/02/2024","1.313","1.313","1.313","1.313","4,10K","0,00%"
"31/01/2024","1.313","1.313","1.313","1.313","0,10K","0,61%"
"30/01/2024","1.305","1.292","1.305","1.292","0,20K","2,76%"
"29/01/2024","1.270","1.270","1.270","1.270","0,20K","0,00%"
"26/01/2024","1.270","1.270","1.270","1.270","1,00M","-1,32%"
"24/01/2024","1.287","1.288","1.288","1.277","0,40K","-0,62%"
"23/01/2024","1.295","1.295","1.295","1.295","0,10K","-0,54%"
"22/01/2024","1.302","1.298","1.302","1.293","2,00M","-0,46%"
"19/01/2024","1.308","1.286","1.308","1.286","0,80K","-0,23%"
"18/01/2024","1.311","1.303","1.311","1.300","0,70K","-0,23%"
"17/01/2024","1.314","1.306","1.314","1.302","0,80K","-1,05%"
"16/01/2024","1.328","1.316","1.328","1.316","1,00M","0,23%"
"15/01/2024","1.325","1.312","1.325","1.312","0,80K","0,23%"
"12/01/2024","1.322","1.311","1.322","1.311","0,20K","0,23%"
"11/01/2024","1.319","1.307","1.319","1.307","0,50K","0,92%"
"10/01/2024","1.307","1.307","1.307","1.307","0,10K","0,00%"
"09/01/2024","1.307","1.296","1.307","1.296","0,20K","-0,08%"
"08/01/2024","1.308","1.308","1.308","1.308","0,10K","-0,91%"
"05/01/2024","1.320","1.320","1.320","1.320","0,20K","0,46%"
"04/01/2024","1.314","1.296","1.314","1.296","0,30K","1,39%"
"03/01/2024","1.296","1.286","1.296","1.285","0,50K","-0,15%"
"02/01/2024","1.298","1.293","1.298","1.293","11,60K","0,23%"
"29/12/2023","1.295","1.290","1.295","1.281","0,60K","0,00%"
"28/12/2023","1.295","1.285","1.295","1.285","0,40K","0,39%"
"27/12/2023","1.290","1.286","1.290","1.277","2,00M","0,31%"
"22/12/2023","1.286","1.276","1.286","1.273","1,60K","0,78%"
"21/12/2023","1.276","1.266","1.276","1.266","1,90K","-0,39%"
"20/12/2023","1.281","1.272","1.283","1.270","1,00M","0,47%"
"19/12/2023","1.275","1.275","1.275","1.275","0,40K","0,71%"
"18/12/2023","1.266","1.266","1.266","1.266","0,10K","-1,17%"
"15/12/2023","1.281","1.268","1.281","1.265","100,10K","0,55%"
"14/12/2023","1.274","1.266","1.274","1.263","1,10M","2,58%"
"13/12/2023","1.242","1.249","1.249","1.242","1,10M","-0,96%"
"12/12/2023","1.254","1.252","1.255","1.242","111,60K","0,72%"
"11/12/2023","1.245","1.244","1.245","1.237","100,10K","-1,58%"
"08/12/2023","1.265","1.247","1.265","1.246","1,10M","0,56%"
"07/12/2023","1.258","1.245","1.258","1.241","150,10K","-0,47%"
"06/12/2023","1.264","1.264","1.269","1.264","110,00K","0,40%"
"05/12/2023","1.259","1.267","1.269","1.257","2,11M","-0,79%"
"04/12/2023","1.269","1.274","1.280","1.265","111,60K","0,87%"
"01/12/2023","1.258","1.242","1.258","1.241","800,20K","0,72%"
"29/11/2023","1.249","1.243","1.249","1.238","100,10K","-0,40%"
"28/11/2023","1.254","1.242","1.254","1.242","100,20K","0,08%"
"27/11/2023","1.253","1.247","1.253","1.247","110,50K","0,24%"
"24/11/2023","1.250","1.244","1.250","1.239","120,70K","0,00%"
"23/11/2023","1.250","1.244","1.250","1.244","100,00K","0,89%"
"22/11/2023","1.239","1.241","1.241","1.235","2,50M","0,00%"
"21/11/2023","1.239","1.233","1.242","1.225","110,60K","-0,40%"
"20/11/2023","1.244","1.230","1.244","1.230","100,90K","0,00%"
"17/11/2023","1.244","1.229","1.244","1.229","110,10K","0,00%"
"16/11/2023","1.244","1.229","1.244","1.225","100,10K","0,08%"
"15/11/2023","1.243","1.233","1.243","1.233","100,10K","1,22%"
"14/11/2023","1.228","1.219","1.228","1.213","111,10K","0,33%"
"13/11/2023","1.224","1.214","1.224","1.213","100,10K","0,74%"
"10/11/2023","1.215","1.217","1.217","1.214","110,00K","-1,62%"
"09/11/2023","1.235","1.220","1.235","1.220","100,40K","0,57%"
"08/11/2023","1.228","1.229","1.230","1.214","2,00M","-0,57%"
"07/11/2023","1.235","1.239","1.241","1.224","817,90K","-0,32%"
"06/11/2023","1.239","1.238","1.240","1.236","100,00K","0,81%"
"03/11/2023","1.229","1.217","1.229","1.217","120,10K","0,49%"
"02/11/2023","1.223","1.203","1.223","1.203","100,20K","2,43%"
"01/11/2023","1.194","1.195","1.195","1.183","100,10K","-1,24%"
"31/10/2023","1.209","1.195","1.209","1.185","110,20K","0,67%"
"30/10/2023","1.201","1.195","1.201","1.191","100,20K","0,00%"
"27/10/2023","1.201","1.195","1.201","1.195","100,20K","-0,33%"
"26/10/2023","1.205","1.211","1.211","1.196","101,30K","-2,59%"
"25/10/2023","1.237","1.225","1.237","1.225","100,30K","0,49%"
"24/10/2023","1.231","1.207","1.231","1.207","100,30K","0,90%"
"23/10/2023","1.220","1.225","1.225","1.204","120,30K","-1,53%"
"20/10/2023","1.239","1.227","1.239","1.225","100,00K","0,57%"
"19/10/2023","1.232","1.241","1.241","1.232","101,30K","-1,68%"
"18/10/2023","1.253","1.255","1.255","1.250","110,00K","-0,56%"
"17/10/2023","1.260","1.265","1.265","1.259","112,20K","-0,55%"
"16/10/2023","1.267","1.273","1.273","1.262","100,10K","-0,16%"
"13/10/2023","1.269","1.279","1.279","1.269","100,10K","-0,94%"
"12/10/2023","1.281","1.283","1.287","1.271","120,30K","0,23%"
"11/10/2023","1.278","1.266","1.278","1.264","100,20K","0,08%"
"10/10/2023","1.277","1.265","1.277","1.264","110,10K","0,16%"
"09/10/2023","1.275","1.275","1.275","1.275","7,50K","-0,55%"
"06/10/2023","1.282","1.273","1.282","1.269","100,10K","0,00%"
"05/10/2023","1.282","1.277","1.282","1.271","110,20K","0,00%"
"04/10/2023","1.282","1.270","1.282","1.268","160,40K","-0,85%"
"03/10/2023","1.293","1.281","1.293","1.281","0,30K","-0,08%"
"02/10/2023","1.294","1.280","1.294","1.280","0,40K","0,62%"
"29/09/2023","1.286","1.277","1.286","1.277","0,20K","0,00%"
"27/09/2023","1.286","1.270","1.286","1.270","120,20K","0,39%"
"26/09/2023","1.281","1.284","1.296","1.281","100,30K","-1,39%"
"25/09/2023","1.299","1.300","1.302","1.287","100,40K","-0,84%"
"22/09/2023","1.310","1.307","1.310","1.298","110,20K","0,61%"
"21/09/2023","1.302","1.308","1.308","1.301","120,00K","-0,91%"
"20/09/2023","1.314","1.307","1.314","1.307","120,10K","1,08%"
"19/09/2023","1.300","1.288","1.300","1.288","110,00K","0,93%"
"18/09/2023","1.288","1.294","1.294","1.288","140,00K","-0,77%"
"15/09/2023","1.298","1.275","1.298","1.275","100,10K","0,62%"
"14/09/2023","1.290","1.278","1.290","1.276","100,20K","0,39%"
"13/09/2023","1.285","1.275","1.285","1.271","110,20K","-0,46%"
"12/09/2023","1.291","1.282","1.292","1.279","1,16M","0,31%"
"08/09/2023","1.287","1.281","1.293","1.276","959,40K","-0,85%"
"07/09/2023","1.298","1.296","1.298","1.288","120,10K","-1,29%"
"06/09/2023","1.315","1.305","1.316","1.303","1,65M","0,08%"
"05/09/2023","1.314","1.300","1.315","1.295","139,20K","-0,08%"
"04/09/2023","1.315","1.314","1.316","1.311","117,20K","0,31%"
"01/09/2023","1.311","1.312","1.313","1.299","104,00K","-0,23%"
"30/08/2023","1.314","1.316","1.319","1.305","130,10K","0,69%"
"29/08/2023","1.305","1.303","1.307","1.303","120,00K","0,31%"
"28/08/2023","1.301","1.301","1.303","1.297","120,00K","0,46%"
"25/08/2023","1.295","1.298","1.298","1.294","140,00K","-0,61%"
"24/08/2023","1.303","1.293","1.303","1.289","110,30K","-0,08%"
"23/08/2023","1.304","1.297","1.304","1.295","824,00K","-0,23%"
"22/08/2023","1.307","1.284","1.307","1.284","110,60K","0,77%"
"21/08/2023","1.297","1.290","1.297","1.287","151,30K","-0,46%"
"18/08/2023","1.303","1.291","1.303","1.290","120,70K","-0,08%"
"16/08/2023","1.304","1.308","1.308","1.288","140,50K","-0,69%"
"14/08/2023","1.313","1.301","1.313","1.290","120,20K","-0,30%"
"11/08/2023","1.317","1.304","1.317","1.303","1,11M","-0,23%"
"10/08/2023","1.320","1.321","1.321","1.319","224,20K","0,23%"
"09/08/2023","1.317","1.312","1.317","1.312","120,00K","0,15%"
"08/08/2023","1.315","1.318","1.318","1.314","6,12M","-0,30%"
"07/08/2023","1.319","1.314","1.319","1.303","142,10K","0,92%"
"04/08/2023","1.307","1.324","1.324","1.307","179,20K","-0,91%"
"03/08/2023","1.319","1.307","1.319","1.307","170,00K","0,92%"
"02/08/2023","1.307","1.307","1.307","1.294","150,10K","-0,38%"
"01/08/2023","1.312","1.309","1.314","1.308","167,30K","0,38%"
"31/07/2023","1.307","1.297","1.307","1.294","120,10K","0,54%"
"28/07/2023","1.300","1.288","1.301","1.287","1,15M","-0,38%"
"27/07/2023","1.305","1.316","1.316","1.305","160,30K","-0,84%"
"26/07/2023","1.316","1.298","1.316","1.298","130,30K","0,46%"
"25/07/2023","1.310","1.303","1.310","1.301","170,60K","0,00%"
"24/07/2023","1.310","1.299","1.310","1.298","140,90K","0,69%"
"21/07/2023","1.301","1.292","1.301","1.289","140,50K","-0,08%"
"20/07/2023","1.302","1.291","1.302","1.291","140,30K","0,39%"
"18/07/2023","1.297","1.314","1.314","1.297","120,10K","-1,44%"
"17/07/2023","1.316","1.317","1.317","1.303","150,40K","0,69%"
"14/07/2023","1.307","1.303","1.307","1.301","160,10K","0,77%"
"13/07/2023","1.297","1.301","1.301","1.287","152,40K","-0,23%"
"12/07/2023","1.300","1.299","1.300","1.295","120,00K","0,39%"
"11/07/2023","1.295","1.293","1.295","1.291","180,00K","0,31%"
"10/07/2023","1.291","1.291","1.294","1.291","150,00K","0,00%"
"07/07/2023","1.291","1.281","1.291","1.279","120,10K","-0,46%"
"06/07/2023","1.297","1.281","1.297","1.278","160,10K","0,54%"
"05/07/2023","1.290","1.276","1.290","1.276","1,13M","0,23%"
"04/07/2023","1.287","1.283","1.287","1.279","150,30K","0,00%"
"03/07/2023","1.287","1.276","1.287","1.276","120,50K","0,00%"
"27/06/2023","1.287","1.279","1.287","1.278","200,20K","0,00%"
"26/06/2023","1.287","1.268","1.287","1.268","210,40K","0,55%"
"23/06/2023","1.280","1.281","1.282","1.280","160,00K","-1,01%"
"22/06/2023","1.293","1.281","1.296","1.280","170,40K","0,39%"
"21/06/2023","1.288","1.286","1.288","1.279","200,40K","0,47%"
"20/06/2023","1.282","1.280","1.286","1.270","1,00M","0,16%"
"19/06/2023","1.280","1.285","1.287","1.273","830,70K","-0,39%"
"16/06/2023","1.285","1.290","1.290","1.283","160,00K","-0,54%"
"15/06/2023","1.292","1.275","1.292","1.275","120,10K","0,16%"
"14/06/2023","1.290","1.278","1.290","1.277","150,30K","0,00%"
"13/06/2023","1.290","1.279","1.290","1.279","170,20K","0,08%"
"12/06/2023","1.289","1.290","1.290","1.277","150,90K","0,08%"
"09/06/2023","1.288","1.279","1.288","1.278","1,51M","0,70%"
"08/06/2023","1.279","1.271","1.279","1.271","0,20K","-1,24%"
"07/06/2023","1.295","1.280","1.295","1.280","0,30K","1,01%"
"06/06/2023","1.282","1.282","1.282","1.282","0,10K","-1,38%"
"05/06/2023","1.300","1.370","1.374","1.115","0,50K","-0,84%"
"31/05/2023","1.311","1.311","1.370","1.311","1,70K","0,00%"
"30/05/2023","1.311","1.215","1.311","1.215","285,40K","1,24%"
"29/05/2023","1.295","1.294","1.295","1.294","9,40K","-0,61%"
"26/05/2023","1.303","1.292","1.303","1.290","190,10K","-0,23%"
"25/05/2023","1.306","1.290","1.307","1.290","2,24M","0,38%"
"24/05/2023","1.301","1.286","1.301","1.286","212,50K","-0,15%"
"23/05/2023","1.303","1.304","1.308","1.303","262,80K","0,08%"
"22/05/2023","1.302","1.286","1.302","1.278","1,06M","1,24%"
"19/05/2023","1.286","1.277","1.288","1.276","190,30K","1,02%"
"17/05/2023","1.273","1.261","1.273","1.260","191,20K","0,63%"
"16/05/2023","1.265","1.260","1.265","1.251","180,20K","0,08%"
"15/05/2023","1.264","1.260","1.265","1.248","610,20K","-0,55%"
"12/05/2023","1.271","1.259","1.271","1.258","280,10K","-0,31%"
"11/05/2023","1.275","1.268","1.279","1.260","2,79M","-0,78%"
"10/05/2023","1.285","1.272","1.285","1.270","360,10K","0,39%"
"09/05/2023","1.280","1.250","1.280","1.250","150,20K","0,00%"
"08/05/2023","1.280","1.278","1.291","1.275","239,90K","0,16%"
"04/05/2023","1.278","1.275","1.282","1.275","334,50K","-0,39%"
"03/05/2023","1.283","1.283","1.283","1.283","550,00K","-0,47%"
"02/05/2023","1.289","1.291","1.291","1.275","6,20K","-1,15%"
"27/04/2023","1.304","1.291","1.304","1.290","700,00K","1,09%"
"26/04/2023","1.290","1.282","1.290","1.277","510,90K","0,62%"
"18/04/2023","1.282","1.279","1.288","1.279","780,10K","0,71%"
"17/04/2023","1.273","1.278","1.280","1.271","295,10K","1,03%"
"14/04/2023","1.260","1.261","1.261","1.257","1,24M","-1,10%"
"13/04/2023","1.274","1.276","1.276","1.271","310,10K","0,08%"
"12/04/2023","1.273","1.266","1.273","1.265","1,46M","1,11%"
"11/04/2023","1.259","1.259","1.259","1.257","200,90K","0,64%"
"10/04/2023","1.251","1.252","1.252","1.248","2,95M","-0,40%"
"06/04/2023","1.256","1.248","1.257","1.244","221,00K","-0,24%"
"05/04/2023","1.259","1.248","1.259","1.244","200,40K","0,80%"
"04/04/2023","1.249","1.244","1.249","1.237","1,77M","-0,56%"
"03/04/2023","1.256","1.249","1.256","1.243","218,20K","0,24%"
"31/03/2023","1.253","1.244","1.253","1.240","350,10K","-0,16%"
"30/03/2023","1.255","1.254","1.259","1.250","280,30K","0,16%"
"29/03/2023","1.253","1.252","1.253","1.248","294,10K","1,21%"
"28/03/2023","1.238","1.234","1.238","1.230","330,00K","0,32%"
"27/03/2023","1.234","1.230","1.234","1.225","230,40K","-0,08%"
"24/03/2023","1.235","1.228","1.235","1.228","260,50K","1,56%"
"21/03/2023","1.216","1.192","1.216","1.192","241,40K","1,84%"
"20/03/2023","1.194","1.200","1.203","1.184","331,10K","-0,75%"
"17/03/2023","1.203","1.179","1.205","1.179","210,80K","1,52%"
"16/03/2023","1.185","1.178","1.188","1.171","190,10K","-0,50%"
"15/03/2023","1.191","1.198","1.198","1.189","1,30M","-0,08%"
"14/03/2023","1.192","1.201","1.201","1.181","239,20K","-2,13%"
"13/03/2023","1.218","1.198","1.218","1.198","270,20K","0,66%"
"10/03/2023","1.210","1.200","1.210","1.197","320,30K","-0,90%"
"09/03/2023","1.221","1.210","1.221","1.208","350,30K","0,91%"
"08/03/2023","1.210","1.206","1.210","1.200","300,30K","0,33%"
"07/03/2023","1.206","1.211","1.211","1.205","291,40K","-0,41%"
"06/03/2023","1.211","1.212","1.217","1.211","300,20K","-0,08%"
"03/03/2023","1.212","1.200","1.226","1.200","290,40K","-1,14%"
"02/03/2023","1.226","1.223","1.227","1.214","254,70K","0,25%"
"01/03/2023","1.223","1.231","1.231","1.223","1,50K","-0,33%"
"28/02/2023","1.227","1.226","1.227","1.216","250,50K","0,08%"
"27/02/2023","1.226","1.212","1.226","1.211","180,10K","-0,49%"
"24/02/2023","1.232","1.224","1.232","1.218","330,30K","0,49%"
"23/02/2023","1.226","1.222","1.226","1.211","259,10K","0,33%"
"22/02/2023","1.222","1.229","1.229","1.207","310,40K","-0,89%"
"21/02/2023","1.233","1.240","1.240","1.233","200,10K","0,08%"
"20/02/2023","1.232","1.226","1.237","1.226","250,40K","0,49%"
"17/02/2023","1.226","1.235","1.236","1.222","330,60K","-0,73%"
"16/02/2023","1.235","1.231","1.238","1.231","210,10K","-0,24%"
"15/02/2023","1.238","1.240","1.240","1.230","411,80K","-0,40%"
"14/02/2023","1.243","1.299","1.299","1.231","270,20K","0,24%"
"13/02/2023","1.240","1.236","1.240","1.228","360,90K","0,32%"
"10/02/2023","1.236","1.236","1.236","1.236","0,10K","-0,48%"
"09/02/2023","1.242","1.232","1.242","1.232","220,30K","-0,08%"
"08/02/2023","1.243","1.230","1.243","1.228","1,96M","0,32%"
"07/02/2023","1.239","1.235","1.240","1.235","1,39M","0,98%"
"06/02/2023","1.227","1.233","1.235","1.224","1,00M","-0,49%"
"03/02/2023","1.233","1.225","1.235","1.225","294,10K","1,40%"
"02/02/2023","1.216","1.216","1.218","1.213","1,83M","-0,16%"
"01/02/2023","1.218","1.218","1.223","1.218","220,20K","0,00%"
"31/01/2023","1.218","1.218","1.223","1.207","810,70K","-0,57%"
"30/01/2023","1.225","1.234","1.234","1.211","1,77M","-0,73%"
"27/01/2023","1.234","1.222","1.234","1.220","201,10K","0,90%"
"26/01/2023","1.223","1.200","1.223","1.200","200,80K","2,34%"
"25/01/2023","1.195","1.198","1.210","1.195","2,56M","-1,32%"
"24/01/2023","1.211","1.216","1.216","1.204","0,60K","-0,41%"
"20/01/2023","1.216","1.218","1.220","1.206","350,30K","0,25%"
"19/01/2023","1.213","1.198","1.214","1.198","751,00K","0,75%"
"18/01/2023","1.204","1.196","1.206","1.187","4,15M","0,50%"
"17/01/2023","1.198","1.200","1.465","1.185","226,90K","1,18%"
"16/01/2023","1.184","1.164","1.184","1.164","1,65M","0,77%"
"13/01/2023","1.175","1.165","1.176","1.158","2,06M","-0,59%"
"12/01/2023","1.182","1.161","1.182","1.161","150,20K","1,29%"
"11/01/2023","1.167","1.168","1.171","1.157","1,47M","-0,77%"
"10/01/2023","1.176","1.188","1.190","1.171","1,13M","-1,51%"
"09/01/2023","1.194","1.192","1.200","1.182","2,42M","0,34%"
"06/01/2023","1.190","1.181","1.190","1.180","390,40K","0,76%"
"05/01/2023","1.181","1.189","1.193","1.181","256,90K","-2,56%"
"04/01/2023","1.212","1.211","1.213","1.205","302,30K","-1,06%"
"03/01/2023","1.225","1.208","1.225","1.208","380,70K","0,66%"
"02/01/2023","1.217","1.205","1.217","1.202","6,60K","-0,08%"
"30/12/2022","1.218","1.370","1.370","1.218","2,40K","-0,16%"
"29/12/2022","1.220","1.218","1.365","1.200","1,10M","0,16%"
"28/12/2022","1.218","1.221","1.221","1.215","1,03M","-3,33%"
"27/12/2022","1.260","1.374","1.374","1.260","1,70K","-6,94%"
"26/12/2022","1.354","1.234","1.365","1.209","1,57M","10,80%"
"23/12/2022","1.222","1.212","1.222","1.211","251,60K","-0,41%"
"22/12/2022","1.227","1.217","1.227","1.215","260,20K","-0,49%"
"21/12/2022","1.233","1.230","1.233","1.215","283,60K","0,41%"
"20/12/2022","1.228","1.424","1.539","1.205","69,00K","-0,89%"
"19/12/2022","1.239","1.230","1.434","1.229","131,30K","0,65%"
"16/12/2022","1.231","1.632","1.632","1.216","186,40K","-5,81%"
"15/12/2022","1.307","1.685","1.755","1.307","110,10K","-6,98%"
"14/12/2022","1.405","1.886","1.886","1.405","4,60K","-6,95%"
"13/12/2022","1.510","1.227","1.510","1.214","390,70K","24,79%"
"12/12/2022","1.210","1.198","1.218","1.198","390,30K","-0,25%"
"09/12/2022","1.213","1.221","1.222","1.212","320,90K","-1,06%"
"08/12/2022","1.226","1.219","1.228","1.197","298,00K","0,00%"
"07/12/2022","1.226","1.235","1.235","1.226","481,80K","-0,41%"
"06/12/2022","1.231","1.234","1.243","1.231","350,20K","-2,92%"
"05/12/2022","1.268","1.256","1.268","1.256","300,60K","0,96%"
"02/12/2022","1.256","1.270","1.270","1.256","360,10K","-1,95%"
"01/12/2022","1.281","1.291","1.292","1.278","270,30K","0,79%"
"30/11/2022","1.271","1.269","1.282","1.269","254,90K","0,47%"
"29/11/2022","1.265","1.264","1.266","1.261","274,10K","0,00%"
"28/11/2022","1.265","1.260","1.268","1.260","330,00K","0,72%"
"25/11/2022","1.256","1.259","1.259","1.254","510,00K","0,08%"
"24/11/2022","1.255","1.243","1.255","1.243","261,40K","0,97%"
"23/11/2022","1.243","1.243","1.249","1.243","321,20K","0,00%"
"22/11/2022","1.243","1.240","1.255","1.193","1,70K","0,24%"
"21/11/2022","1.240","1.200","1.249","1.200","2,90K","-0,96%"
"18/11/2022","1.252","1.242","1.252","1.240","421,10K","0,00%"
"17/11/2022","1.252","1.235","1.252","1.225","310,20K","1,38%"
"16/11/2022","1.235","1.231","1.235","1.222","280,10K","-1,36%"
"15/11/2022","1.252","1.253","1.254","1.250","510,00K","-0,08%"
"14/11/2022","1.253","1.257","1.257","1.252","360,00K","-0,48%"
"11/11/2022","1.259","1.249","1.259","1.249","365,00K","1,21%"
"10/11/2022","1.244","1.243","1.246","1.243","370,00K","-0,88%"
"09/11/2022","1.255","1.247","1.255","1.246","370,10K","-0,32%"
"08/11/2022","1.259","1.252","1.259","1.249","410,30K","-0,47%"
"07/11/2022","1.265","1.241","1.265","1.241","290,60K","1,36%"
"04/11/2022","1.248","1.247","1.248","1.240","230,10K","0,00%"
"03/11/2022","1.248","1.245","1.251","1.245","326,30K","0,16%"
"02/11/2022","1.246","1.262","1.265","1.238","513,30K","-1,27%"
"01/11/2022","1.262","1.274","1.275","1.250","1,29M","-0,79%"
"31/10/2022","1.272","1.270","1.274","1.268","330,00K","0,87%"
"28/10/2022","1.261","1.260","1.261","1.257","370,10K","0,16%"
"27/10/2022","1.259","1.257","1.264","1.257","480,00K","1,21%"
"26/10/2022","1.244","1.245","1.248","1.240","230,20K","-1,97%"
"25/10/2022","1.269","1.261","1.269","1.252","420,50K","0,00%"
"24/10/2022","1.269","1.251","1.269","1.251","310,70K","1,12%"
"21/10/2022","1.255","1.234","1.255","1.234","1,50M","1,70%"
"20/10/2022","1.234","1.202","1.234","1.202","261,20K","1,82%"
"19/10/2022","1.212","1.190","1.212","1.190","353,00K","1,42%"
"18/10/2022","1.195","1.213","1.216","1.195","270,20K","-0,75%"
"17/10/2022","1.204","1.190","1.204","1.190","330,00K","-0,50%"
"14/10/2022","1.210","1.217","1.217","1.210","310,00K","-0,49%"
"13/10/2022","1.216","1.215","1.217","1.213","352,50K","0,41%"
"12/10/2022","1.211","1.215","1.216","1.203","840,10K","-0,41%"
"11/10/2022","1.216","1.206","1.216","1.206","1,80M","-0,57%"
"07/10/2022","1.223","1.229","1.231","1.222","460,00K","-1,13%"
"06/10/2022","1.237","1.244","1.246","1.236","290,00K","-0,56%"
"05/10/2022","1.244","1.244","1.244","1.244","300,30K","-0,40%"
"04/10/2022","1.249","1.235","1.254","1.235","387,00K","1,05%"
"03/10/2022","1.236","1.239","1.239","1.236","0,30K","-0,24%"
"30/09/2022","1.239","1.219","1.240","1.219","310,10K","0,41%"
"29/09/2022","1.234","1.230","1.236","1.221","314,80K","-0,40%"
"28/09/2022","1.239","1.227","1.239","1.227","2,03M","-0,40%"
"27/09/2022","1.244","1.231","1.244","1.227","270,20K","-0,32%"
"26/09/2022","1.248","1.216","1.248","1.213","1,94M","0,16%"
"23/09/2022","1.246","1.240","1.246","1.235","530,40K","-0,64%"
"22/09/2022","1.254","1.234","1.254","1.234","370,70K","0,48%"
"21/09/2022","1.248","1.246","1.248","1.230","290,20K","-0,64%"
"20/09/2022","1.256","1.270","1.270","1.247","31,40K","0,64%"
"19/09/2022","1.248","1.238","1.248","1.238","1,76M","0,32%"
"16/09/2022","1.244","1.243","1.247","1.233","465,50K","-2,58%"
"15/09/2022","1.277","1.258","1.277","1.258","1,01M","1,35%"
"14/09/2022","1.260","1.243","1.260","1.243","1,34M","-0,24%"
"13/09/2022","1.263","1.241","1.263","1.241","2,45M","1,61%"
"12/09/2022","1.243","1.242","1.243","1.230","0,30K","0,24%"
"09/09/2022","1.240","1.225","1.240","1.225","0,30K","0,00%"
"08/09/2022","1.240","1.241","1.243","1.231","2,17M","1,14%"
"07/09/2022","1.226","1.228","1.231","1.215","1,55M","-0,81%"
"06/09/2022","1.236","1.246","1.246","1.226","1,21M","-0,24%"
"05/09/2022","1.239","1.225","1.239","1.221","2,23M","1,23%"
"02/09/2022","1.224","1.219","1.224","1.208","1,01M","0,41%"
"01/09/2022","1.219","1.214","1.222","1.208","1,46M","1,33%"
"31/08/2022","1.203","1.197","1.203","1.193","370,00K","-0,99%"
"30/08/2022","1.215","1.195","1.215","1.195","333,50K","1,33%"
"29/08/2022","1.199","1.177","1.199","1.177","780,40K","-0,25%"
"26/08/2022","1.202","1.193","1.202","1.190","622,00K","-0,58%"
"25/08/2022","1.209","1.512","1.512","1.189","624,00K","-0,17%"
"24/08/2022","1.211","1.199","1.211","1.196","1,11M","1,00%"
"23/08/2022","1.199","1.192","1.200","1.192","1,57M","-0,08%"
"22/08/2022","1.200","1.191","1.200","1.182","461,10K","-0,41%"
"19/08/2022","1.205","1.200","1.205","1.198","271,90K","0,00%"
"18/08/2022","1.205","1.203","1.207","1.201","350,00K","0,33%"
"16/08/2022","1.201","1.206","1.207","1.199","530,00K","-0,33%"
"12/08/2022","1.205","1.207","1.211","1.194","551,30K","-0,82%"
"11/08/2022","1.215","1.212","1.216","1.203","3,43M","1,33%"
"10/08/2022","1.199","1.194","1.199","1.185","420,30K","-0,66%"
"09/08/2022","1.207","1.207","1.208","1.197","2,48M","0,42%"
"08/08/2022","1.202","1.196","1.202","1.185","955,30K","0,25%"
"05/08/2022","1.199","1.187","1.199","1.187","1,98M","1,01%"
"04/08/2022","1.187","1.184","1.188","1.183","270,20K","0,25%"
"03/08/2022","1.184","1.173","1.184","1.170","1,45M","1,89%"
"02/08/2022","1.162","1.164","1.167","1.162","270,10K","-0,43%"
"01/08/2022","1.167","1.158","1.167","1.154","1,27M","0,26%"
"29/07/2022","1.164","1.159","1.164","1.154","1,22M","0,61%"
"28/07/2022","1.157","1.148","1.157","1.144","250,70K","0,78%"
"27/07/2022","1.148","1.142","1.148","1.136","500,30K","-0,17%"
"26/07/2022","1.150","1.143","1.150","1.143","290,00K","0,61%"
"25/07/2022","1.143","1.144","1.147","1.143","390,80K","-0,17%"
"22/07/2022","1.145","1.133","1.145","1.133","580,50K","0,53%"
"21/07/2022","1.139","1.081","1.139","1.081","1,37M","-0,61%"
"20/07/2022","1.146","1.122","1.146","1.122","351,60K","3,99%"
"19/07/2022","1.102","1.099","1.104","1.098","520,00K","0,55%"
"18/07/2022","1.096","1.093","1.096","1.092","320,00K","0,09%"
"15/07/2022","1.095","1.094","1.103","1.094","470,30K","-0,45%"
"14/07/2022","1.100","1.091","1.100","1.089","350,00K","0,73%"
"13/07/2022","1.092","1.101","1.101","1.082","550,40K","-1,53%"
"12/07/2022","1.109","1.095","1.109","1.095","421,10K","0,36%"
"11/07/2022","1.105","1.093","1.105","1.091","151,20K","0,00%"
"08/07/2022","1.105","1.095","1.105","1.090","450,20K","0,55%"
"07/07/2022","1.099","1.092","1.099","1.088","1,66M","0,09%"
"06/07/2022","1.098","1.107","1.107","1.093","521,00K","-1,52%"
"05/07/2022","1.115","1.111","1.121","1.111","420,10K","2,11%"
"04/07/2022","1.092","1.110","1.110","1.081","606,40K","-2,24%"
"01/07/2022","1.117","1.134","1.134","1.117","1,21M","-1,67%"
"30/06/2022","1.136","1.138","1.144","1.136","520,10K","-0,44%"
"29/06/2022","1.141","1.147","1.147","1.138","765,10K","-0,26%"
"28/06/2022","1.144","1.145","1.145","1.141","750,00K","-0,52%"
"27/06/2022","1.150","1.147","1.150","1.145","160,20K","-1,12%"
"24/06/2022","1.163","1.152","1.163","1.151","1,52M","0,61%"
"23/06/2022","1.156","1.145","1.156","1.139","1,25M","-0,09%"
"22/06/2022","1.157","1.156","1.158","1.147","2,46M","-1,11%"
"21/06/2022","1.170","1.155","1.170","1.153","3,57M","2,09%"
"20/06/2022","1.146","1.135","1.147","1.135","1,67M","-0,61%"
"17/06/2022","1.153","1.135","1.153","1.134","0,50K","-1,28%"
"16/06/2022","1.168","1.153","1.168","1.153","1,90K","1,57%"
"15/06/2022","1.150","1.150","1.150","1.150","0,10K","-0,69%"
"14/06/2022","1.158","1.140","1.158","1.140","451,30K","1,58%"
"13/06/2022","1.140","1.100","1.140","1.095","10,80K","-2,31%"
"10/06/2022","1.167","1.164","1.167","1.156","695,20K","-1,27%"
"09/06/2022","1.182","1.189","1.190","1.182","1,19M","-1,09%"
"08/06/2022","1.195","1.187","1.195","1.184","650,00K","0,42%"
"07/06/2022","1.190","1.190","1.193","1.187","700,00K","0,76%"
"06/06/2022","1.181","1.196","1.196","1.178","8,70K","-2,24%"
"03/06/2022","1.208","1.199","1.208","1.199","899,70K","1,60%"
"02/06/2022","1.189","1.198","1.200","1.189","651,00K","0,76%"
"31/05/2022","1.180","1.180","1.180","1.180","0,10K","0,00%"
"30/05/2022","1.180","1.182","1.184","1.171","788,10K","-0,17%"
"27/05/2022","1.182","1.175","1.182","1.175","895,10K","2,96%"
"25/05/2022","1.148","1.168","1.168","1.148","1,37M","-1,96%"
"24/05/2022","1.171","1.149","1.171","1.149","1,85M","2,09%"
"23/05/2022","1.147","1.150","1.153","1.140","1,02M","-1,55%"
"20/05/2022","1.165","1.148","1.165","1.148","1,15M","1,48%"
"19/05/2022","1.148","1.141","1.155","1.141","1,20M","-1,29%"
"18/05/2022","1.163","1.147","1.163","1.146","650,20K","0,00%"
"17/05/2022","1.163","1.155","1.163","1.155","0,30K","0,69%"
"13/05/2022","1.155","1.149","1.155","1.149","0,20K","1,40%"
"12/05/2022","1.139","1.166","1.169","1.139","951,50K","-3,96%"
"11/05/2022","1.186","1.178","1.195","1.168","1,20M","1,02%"
"10/05/2022","1.174","1.149","1.174","1.144","1,15M","-0,42%"
"09/05/2022","1.179","1.257","1.257","1.179","1,63M","-6,21%"
"28/04/2022","1.257","1.246","1.257","1.241","1,30M","1,29%"
"27/04/2022","1.241","1.230","1.241","1.227","1,10M","1,72%"
"26/04/2022","1.220","1.223","1.223","1.213","1,25M","-0,81%"
"25/04/2022","1.230","1.197","1.230","1.197","1,10M","1,57%"
"22/04/2022","1.211","1.222","1.226","1.207","1,20M","-1,22%"
"21/04/2022","1.226","1.209","1.226","1.209","1,35M","1,32%"
"20/04/2022","1.210","1.192","1.210","1.192","1,20M","1,51%"
"19/04/2022","1.192","1.186","1.192","1.181","1,45M","-0,25%"
"18/04/2022","1.195","1.185","1.195","1.184","1,66M","0,00%"
"14/04/2022","1.195","1.191","1.195","1.183","1,13M","-0,91%"
"13/04/2022","1.206","1.192","1.206","1.190","700,30K","1,01%"
"12/04/2022","1.194","1.194","1.194","1.194","0,20K","0,67%"
"11/04/2022","1.186","1.189","1.189","1.186","0,20K","-0,25%"
"08/04/2022","1.189","1.189","1.189","1.189","0,10K","0,00%"
"06/04/2022","1.189","1.196","1.196","1.177","0,30K","-0,92%"
"05/04/2022","1.200","1.187","1.200","1.187","0,90K","1,35%"
"04/04/2022","1.184","1.193","1.193","1.180","0,50K","-0,75%"
"01/04/2022","1.193","1.181","1.193","1.181","0,20K","-0,17%"
"29/03/2022","1.195","1.195","1.195","1.195","0,10K","-0,67%"
"28/03/2022","1.203","1.173","1.203","1.173","0,70K","2,56%"
"25/03/2022","1.173","1.180","1.180","1.173","5,00M","-1,76%"
"24/03/2022","1.194","1.194","1.194","1.194","0,10K","2,23%"
"23/03/2022","1.168","1.176","1.181","1.167","0,90K","-1,43%"
"22/03/2022","1.185","1.164","1.280","1.164","375,40K","1,80%"
"21/03/2022","1.164","1.170","1.171","1.164","435,50K","-1,27%"
"18/03/2022","1.179","1.166","1.179","1.164","0,80K","-0,59%"
"17/03/2022","1.186","1.186","1.186","1.186","0,10K","-0,34%"
"16/03/2022","1.190","1.190","1.190","1.190","4,30K","1,97%"
"15/03/2022","1.167","1.169","1.169","1.167","0,20K","-1,44%"
"14/03/2022","1.184","1.184","1.184","1.184","0,20K","1,28%"
"11/03/2022","1.169","1.169","1.169","1.169","0,10K","0,60%"
"10/03/2022","1.162","1.156","1.162","1.141","0,40K","-0,60%"
"09/03/2022","1.169","1.169","1.169","1.169","0,30K","0,95%"
"08/03/2022","1.158","1.153","1.158","1.153","0,40K","0,43%"
"07/03/2022","1.153","1.149","1.153","1.149","0,50K","-0,77%"
"04/03/2022","1.162","1.142","1.162","1.142","0,40K","1,31%"
"02/03/2022","1.147","1.150","1.150","1.147","0,20K","-2,05%"
"01/03/2022","1.171","1.139","1.184","1.139","1,30K","2,36%"
"25/02/2022","1.144","1.140","1.149","1.140","0,80K","0,35%"
"24/02/2022","1.140","1.141","1.141","1.122","0,40K","-1,21%"
"23/02/2022","1.154","1.140","1.154","1.133","0,80K","1,23%"
"22/02/2022","1.140","1.147","1.147","1.121","0,50K","-0,61%"
"21/02/2022","1.147","1.136","1.147","1.133","1,60K","0,97%"
"18/02/2022","1.136","1.129","1.136","1.129","2,80K","-0,09%"
"17/02/2022","1.137","1.137","1.137","1.137","0,10K","-0,61%"
"16/02/2022","1.144","1.144","1.144","1.131","0,30K","1,06%"
"15/02/2022","1.132","1.132","1.132","1.132","0,10K","1,07%"
"14/02/2022","1.120","1.126","1.126","1.120","0,20K","-1,15%"
"09/02/2022","1.133","1.115","1.133","1.115","2,30K","0,62%"
"08/02/2022","1.126","1.121","1.126","1.114","1,70K","0,63%"
"07/02/2022","1.119","1.105","1.119","1.105","1,10K","1,27%"
"03/02/2022","1.105","1.100","1.105","1.086","5,70K","0,00%"
"02/02/2022","1.105","1.094","1.105","1.094","0,20K","0,09%"
"31/01/2022","1.104","1.104","1.104","1.104","0,10K","-0,90%"
"27/01/2022","1.114","1.114","1.114","1.114","0,30K","0,27%"
"26/01/2022","1.111","1.093","1.111","1.093","0,40K","0,63%"
"25/01/2022","1.104","1.104","1.104","1.104","0,10K","-0,99%"
"24/01/2022","1.115","1.101","1.115","1.101","0,30K","1,27%"
"21/01/2022","1.101","1.099","1.101","1.099","0,30K","-0,63%"
"20/01/2022","1.108","1.089","1.108","1.089","1,20K","0,45%"
"19/01/2022","1.103","1.091","1.103","1.091","1,10K","-0,36%"
"18/01/2022","1.107","1.112","1.112","1.085","5,60K","-0,45%"
"17/01/2022","1.112","1.112","1.112","1.112","0,10K","-0,89%"
"14/01/2022","1.122","1.122","1.122","1.122","0,10K","1,08%"
"13/01/2022","1.110","1.110","1.110","1.110","0,20K","0,36%"
"12/01/2022","1.106","1.103","1.106","1.103","0,30K","0,27%"
"11/01/2022","1.103","1.103","1.103","1.103","0,10K","-0,45%"
"10/01/2022","1.108","1.094","1.110","1.094","1,50K","-0,09%"
"07/01/2022","1.109","1.095","1.109","1.095","0,40K","1,28%"
"06/01/2022","1.095","1.090","1.095","1.090","0,20K","0,00%"
"05/01/2022","1.095","1.095","1.095","1.095","0,10K","-0,90%"
"04/01/2022","1.105","1.092","1.105","1.092","0,30K","0,45%"
"03/01/2022","1.100","1.100","1.100","1.100","0,20K","0,92%"
"29/12/2021","1.090","1.074","1.090","1.074","0,70K","-0,09%"
"28/12/2021","1.091","1.086","1.091","1.086","0,30K","0,46%"
"27/12/2021","1.086","1.071","1.086","1.071","0,40K","0,18%"
"24/12/2021","1.084","1.085","1.085","1.070","0,70K","-0,09%"
"23/12/2021","1.085","1.069","1.085","1.069","0,40K","0,00%"
"22/12/2021","1.085","1.075","1.085","1.075","0,50K","-0,64%"
"21/12/2021","1.092","1.078","1.092","1.073","0,40K","0,55%"
"20/12/2021","1.086","1.083","1.086","1.069","0,80K","-0,28%"
"17/12/2021","1.089","1.084","1.089","1.072","0,80K","-0,18%"
"16/12/2021","1.091","1.090","1.091","1.090","0,20K","-0,37%"
"15/12/2021","1.095","1.095","1.095","1.084","0,30K","1,86%"
"14/12/2021","1.075","1.090","1.090","1.075","5,10K","-2,09%"
"13/12/2021","1.098","1.098","1.098","1.098","0,10K","0,37%"
"10/12/2021","1.094","1.095","1.095","1.090","0,30K","-0,55%"
"09/12/2021","1.100","1.087","1.100","1.087","0,60K","0,00%"
"07/12/2021","1.100","1.090","1.100","1.090","0,40K","0,00%"
"06/12/2021","1.100","1.089","1.100","1.076","0,50K","0,55%"
"03/12/2021","1.094","1.094","1.094","1.094","0,10K","1,11%"
"01/12/2021","1.082","1.088","1.096","1.067","1,40K","-1,90%"
"29/11/2021","1.103","1.074","1.103","1.074","0,40K","1,29%"
"26/11/2021","1.089","1.105","1.105","1.089","0,30K","-2,33%"
"25/11/2021","1.115","1.100","1.115","1.100","5,30K","0,90%"
"24/11/2021","1.105","1.092","1.105","1.092","0,40K","0,45%"
"22/11/2021","1.100","1.100","1.100","1.093","0,70K","-0,36%"
"19/11/2021","1.104","1.090","1.104","1.089","2,10K","1,28%"
"18/11/2021","1.090","1.078","1.090","1.078","0,90K","-0,46%"
"17/11/2021","1.095","1.080","1.095","1.080","0,80K","0,37%"
"16/11/2021","1.091","1.083","1.091","1.083","0,30K","0,28%"
"15/11/2021","1.088","1.091","1.091","1.086","0,30K","-0,73%"
"12/11/2021","1.096","1.096","1.096","1.096","0,10K","-0,63%"
"10/11/2021","1.103","1.088","1.103","1.088","0,50K","0,46%"
"09/11/2021","1.098","1.085","1.098","1.085","0,60K","0,73%"
"05/11/2021","1.090","1.090","1.090","1.090","0,90K","-0,37%"
"04/11/2021","1.094","1.094","1.094","1.094","0,10K","0,37%"
"03/11/2021","1.090","1.063","1.090","1.063","1,40K","1,30%"
"02/11/2021","1.076","1.085","1.085","1.068","0,40K","-1,37%"
"01/11/2021","1.091","1.081","1.091","1.081","0,30K","-0,46%"
"29/10/2021","1.096","1.090","1.098","1.089","5,30K","0,64%"
"28/10/2021","1.089","1.095","1.097","1.084","8,00K","-1,36%"
"27/10/2021","1.104","1.104","1.104","1.104","0,10K","-0,45%"
"26/10/2021","1.109","1.106","1.109","1.106","0,40K","0,27%"
"25/10/2021","1.106","1.112","1.112","1.095","0,50K","-1,07%"
"22/10/2021","1.118","1.104","1.118","1.104","0,70K","0,54%"
"21/10/2021","1.112","1.114","1.114","1.095","1,10K","-0,63%"
"19/10/2021","1.119","1.115","1.119","1.100","10,70K","-0,09%"
"18/10/2021","1.120","1.110","1.120","1.110","1,40K","0,63%"
"15/10/2021","1.113","1.113","1.113","1.113","0,10K","-0,71%"
"14/10/2021","1.121","1.109","1.126","1.109","1,10K","2,00%"
"13/10/2021","1.099","1.091","1.099","1.091","0,20K","1,20%"
"12/10/2021","1.086","1.077","1.086","1.077","0,20K","0,84%"
"11/10/2021","1.077","1.077","1.077","1.076","3,80K","0,19%"
"08/10/2021","1.075","1.075","1.075","1.063","0,50K","1,61%"
"07/10/2021","1.058","1.054","1.058","1.054","0,30K","-0,38%"
"06/10/2021","1.062","1.047","1.062","1.046","10,80K","3,41%"
"05/10/2021","1.027","1.036","1.036","1.020","1,50K","-0,48%"
"04/10/2021","1.032","1.022","1.032","1.022","5,70K","2,38%"
"01/10/2021","1.008","1.001","1.008","1.001","0,60K","-0,20%"
"30/09/2021","1.010","987","1.010","987","7,60K","2,02%"
"29/09/2021","990","974","990","974","0,60K","1,12%"
"28/09/2021","979","965","979","965","3,20K","-0,10%"
"27/09/2021","980","969","980","968","0,30K","0,82%"
"24/09/2021","972","972","972","972","0,10K","-1,42%"
"23/09/2021","986","970","986","970","0,50K","0,61%"
"22/09/2021","980","971","980","963","0,60K","2,40%"
"21/09/2021","957","963","963","951","1,70K","-1,54%"
"20/09/2021","972","971","972","966","7,70K","-0,41%"
"17/09/2021","976","979","979","964","1,50K","-0,31%"
"16/09/2021","979","970","979","970","0,30K","-0,20%"
"15/09/2021","981","983","983","981","0,30K","-0,81%"
"14/09/2021","989","981","989","981","0,70K","0,71%"
"13/09/2021","982","983","983","966","1,50K","-0,30%"
"10/09/2021","985","986","986","985","0,40K","1,65%"
"09/09/2021","969","974","974","969","0,20K","-1,02%"
"08/09/2021","979","989","989","979","0,30K","-1,51%"
"07/09/2021","994","994","994","994","0,10K","-0,40%"
"06/09/2021","998","993","998","993","5,50K","0,50%"
"03/09/2021","993","970","993","970","39,40K","1,43%"
"02/09/2021","979","982","982","969","1,60K","-0,31%"
"01/09/2021","982","982","982","982","40,00K","-0,20%"
"30/08/2021","984","965","984","965","2,40K","1,65%"
"27/08/2021","968","967","968","967","0,20K","0,10%"
"26/08/2021","967","972","972","967","0,20K","-1,12%"
"25/08/2021","978","978","978","978","0,20K","1,03%"
"24/08/2021","968","975","975","961","0,50K","-1,53%"
"23/08/2021","983","977","983","968","1,50K","0,61%"
"20/08/2021","977","972","977","959","3,50K","0,51%"
"19/08/2021","972","986","986","970","14,50K","-2,02%"
"18/08/2021","992","954","992","954","9,60K","3,98%"
"16/08/2021","954","958","961","953","6,10K","-0,42%"
"13/08/2021","958","958","958","958","0,20K","0,00%"
"12/08/2021","958","943","958","943","50,20K","1,70%"
"10/08/2021","942","936","942","936","0,30K","0,11%"
"09/08/2021","941","951","951","939","0,40K","-1,88%"
"06/08/2021","959","962","962","949","0,40K","-1,34%"
"05/08/2021","972","961","972","954","6,40K","2,10%"
"04/08/2021","952","945","952","938","0,70K","0,11%"
"03/08/2021","951","930","951","930","3,20K","1,71%"
"02/08/2021","935","935","935","935","0,10K","0,86%"
"30/07/2021","927","944","944","927","1,70K","-1,90%"
"29/07/2021","945","939","945","939","25,30K","0,96%"
"28/07/2021","936","936","936","935","14,20K","-0,32%"
"27/07/2021","939","944","944","939","0,30K","-1,05%"
"26/07/2021","949","949","949","949","0,10K","-0,21%"
"23/07/2021","951","957","957","944","0,70K","-1,45%"
"22/07/2021","965","948","965","948","0,70K","1,79%"
"21/07/2021","948","947","952","940","0,60K","0,11%"
"19/07/2021","947","937","947","936","35,40K","-0,53%"
"16/07/2021","952","952","952","952","0,10K","0,53%"
"15/07/2021","947","942","947","942","0,40K","1,61%"
"14/07/2021","932","934","937","928","14,30K","-1,06%"
"13/07/2021","942","946","946","941","0,50K","-0,95%"
"12/07/2021","951","946","951","946","4,10K","0,63%"
"09/07/2021","945","940","945","940","1,30K","0,53%"
"08/07/2021","940","940","940","940","5,00K","-0,42%"
"07/07/2021","944","952","952","944","10,20K","-0,84%"
"06/07/2021","952","939","953","939","1,30M","0,42%"
"05/07/2021","948","953","953","948","0,20K","-1,25%"
"02/07/2021","960","959","960","959","7,10K","0,63%"
"01/07/2021","954","954","954","954","0,10K","0,95%"
"29/06/2021","945","934","946","934","10,60K","0,11%"
"28/06/2021","944","953","953","944","0,30K","-2,18%"
"25/06/2021","965","956","965","956","0,60K","0,10%"
"24/06/2021","964","967","967","964","10,10K","-0,82%"
"23/06/2021","972","979","979","963","2,20K","-0,10%"
"22/06/2021","973","963","982","963","0,60K","0,10%"
"21/06/2021","972","955","972","952","1,40K","0,00%"
"18/06/2021","972","983","983","955","21,70K","-1,82%"
"17/06/2021","990","985","990","985","13,60K","-0,70%"
"16/06/2021","997","998","998","982","10,30K","-0,60%"
"15/06/2021","1.003","1.003","1.003","992","0,30K","-0,50%"
"14/06/2021","1.008","1.011","1.011","1.006","0,30K","-0,79%"
"11/06/2021","1.016","1.016","1.016","1.016","0,10K","-0,49%"
"10/06/2021","1.021","1.019","1.021","1.019","0,30K","0,79%"
"09/06/2021","1.013","1.000","1.013","996","10,20K","2,22%"
"08/06/2021","991","999","1.008","991","11,50K","-0,80%"
"07/06/2021","999","1.009","1.009","999","0,20K","-1,48%"
"04/06/2021","1.014","1.016","1.016","1.002","10,10K","-0,69%"
"03/06/2021","1.021","1.010","1.021","1.001","56,40K","1,29%"
"02/06/2021","1.008","1.010","1.010","997","40,40K","1,51%"
"31/05/2021","993","980","993","972","20,50K","2,06%"
"28/05/2021","973","976","976","971","0,40K","0,21%"
"27/05/2021","971","975","981","971","0,60K","0,52%"
"25/05/2021","966","951","975","951","0,70K","1,58%"
"24/05/2021","951","902","963","902","0,30K","-1,25%"
"21/05/2021","963","963","969","949","0,80K","0,00%"
"20/05/2021","963","963","963","963","0,10K","2,01%"
"19/05/2021","944","962","963","943","20,60K","-2,48%"
"18/05/2021","968","960","968","960","2,80K","-0,31%"
"17/05/2021","971","983","983","968","21,40K","-0,72%"
"11/05/2021","978","983","983","977","10,30K","-1,11%"
"10/05/2021","989","987","989","987","0,20K","0,71%"
"07/05/2021","982","994","994","982","0,40K","-0,71%"
"06/05/2021","989","992","992","987","0,30K","-0,70%"
"05/05/2021","996","996","996","996","0,10K","0,50%"
"04/05/2021","991","987","991","987","0,20K","0,81%"
"03/05/2021","983","988","988","983","0,20K","-1,21%"
"30/04/2021","995","995","995","995","0,10K","-0,50%"
"29/04/2021","1.000","995","1.000","995","0,20K","1,01%"
"28/04/2021","990","993","993","990","0,20K","-0,30%"
"27/04/2021","993","1.001","1.001","981","12,40K","-0,30%"
"26/04/2021","996","988","1.001","988","3,70K","-0,90%"
"23/04/2021","1.005","1.000","1.005","996","0,30K","0,90%"
"22/04/2021","996","982","998","982","0,30K","0,00%"
"21/04/2021","996","987","996","984","0,40K","-0,60%"
"20/04/2021","1.002","999","1.002","984","0,60K","-0,20%"
"19/04/2021","1.004","995","1.007","995","0,40K","-0,30%"
"16/04/2021","1.007","1.012","1.012","996","1,10K","0,60%"
"15/04/2021","1.001","1.001","1.001","1.001","0,10K","-0,40%"
"14/04/2021","1.005","993","1.005","993","0,40K","2,76%"
"13/04/2021","978","976","982","973","10,40K","-0,71%"
"12/04/2021","985","1.005","1.005","985","10,60K","-2,67%"
"09/04/2021","1.012","1.014","1.018","1.011","3,30K","0,30%"
"08/04/2021","1.009","1.008","1.009","1.004","0,30K","0,50%"
"07/04/2021","1.004","987","1.004","986","6,50K","0,60%"
"06/04/2021","998","996","1.000","996","0,50K","0,40%"
"05/04/2021","994","996","1.001","985","0,70K","-0,50%"
"01/04/2021","999","991","1.003","991","1,60K","0,00%"
"31/03/2021","999","1.003","1.008","985","1,20K","-1,48%"
"30/03/2021","1.014","1.032","1.032","1.014","1,00K","-2,03%"
"29/03/2021","1.035","1.042","1.045","1.035","0,90K","-0,38%"
"26/03/2021","1.039","1.028","1.039","1.023","0,90K","1,27%"
"25/03/2021","1.026","1.031","1.033","1.007","3,40K","-0,19%"
"24/03/2021","1.028","1.035","1.035","1.024","0,50K","-1,25%"
"23/03/2021","1.041","1.048","1.051","1.039","10,60K","-0,29%"
"22/03/2021","1.044","1.052","1.053","1.033","1,10K","-0,48%"
"19/03/2021","1.049","1.040","1.054","1.040","0,90K","-0,85%"
"18/03/2021","1.058","1.040","1.058","1.036","8,70K","1,73%"
"17/03/2021","1.040","1.039","1.040","1.035","0,90K","-0,19%"
"16/03/2021","1.042","1.042","1.047","1.040","0,70K","-0,29%"
"15/03/2021","1.045","1.047","1.047","1.045","0,20K","-0,67%"
"12/03/2021","1.052","1.045","1.052","1.041","0,70K","1,64%"
"10/03/2021","1.035","1.034","1.037","1.034","0,30K","0,98%"
"09/03/2021","1.025","1.035","1.039","1.025","0,80K","-1,82%"
"08/03/2021","1.044","1.054","1.057","1.032","0,90K","-0,38%"
"05/03/2021","1.048","1.047","1.051","1.047","0,40K","-0,76%"
"04/03/2021","1.056","1.066","1.068","1.054","0,90K","-1,68%"
"03/03/2021","1.074","1.075","1.075","1.068","0,90K","-0,09%"
"02/03/2021","1.075","1.065","1.078","1.065","5,10K","0,66%"
"01/03/2021","1.068","1.056","1.068","1.056","0,70K","2,10%"
"26/02/2021","1.046","1.045","1.052","1.045","0,70K","-0,48%"
"25/02/2021","1.051","1.058","1.058","1.050","0,50K","-0,19%"
"24/02/2021","1.053","1.052","1.065","1.052","3,40K","-0,75%"
"23/02/2021","1.061","1.050","1.061","1.050","0,90K","0,66%"
"22/02/2021","1.054","1.061","1.061","1.050","0,50K","0,38%"
"19/02/2021","1.050","1.045","1.050","1.036","2,80K","0,19%"
"18/02/2021","1.048","1.045","1.058","1.044","2,20K","-0,19%"
"17/02/2021","1.050","1.063","1.064","1.036","1,70K","-1,04%"
"16/02/2021","1.061","1.063","1.064","1.061","0,60K","-0,28%"
"15/02/2021","1.064","1.064","1.066","1.062","0,40K","0,57%"
"11/02/2021","1.058","1.059","1.060","1.056","0,70K","0,09%"
"10/02/2021","1.057","1.056","1.057","1.054","0,30K","0,19%"
"09/02/2021","1.055","1.064","1.078","1.055","3,70K","-0,66%"
"08/02/2021","1.062","1.070","1.070","1.062","0,50K","0,38%"
"05/02/2021","1.058","1.059","1.059","1.053","0,50K","0,19%"
"04/02/2021","1.056","1.055","1.063","1.052","1,00K","0,38%"
"03/02/2021","1.052","1.041","1.052","1.041","0,80K","1,35%"
"02/02/2021","1.038","1.048","1.050","1.038","2,10K","-0,76%"
"01/02/2021","1.046","986","1.046","984","4,20K","2,95%"
"29/01/2021","1.016","1.065","1.065","1.016","10,80K","-3,24%"
"28/01/2021","1.050","1.065","1.076","1.050","0,90K","-1,87%"
"27/01/2021","1.070","1.070","1.070","1.044","1,00K","-0,93%"
"26/01/2021","1.080","1.090","1.095","1.080","2,40K","-0,46%"
"25/01/2021","1.085","1.100","1.100","1.075","1,10K","-1,72%"
"22/01/2021","1.104","1.113","1.113","1.104","1,40K","-1,08%"
"21/01/2021","1.116","1.125","1.125","1.116","0,40K","-0,45%"
"20/01/2021","1.121","1.096","1.125","1.096","2,90K","2,47%"
"19/01/2021","1.094","1.089","1.106","1.089","0,30K","-0,73%"
"18/01/2021","1.102","1.085","1.111","1.085","1,40K","1,10%"
"15/01/2021","1.090","1.111","1.111","1.090","1,00K","-1,62%"
"14/01/2021","1.108","1.116","1.116","1.108","0,20K","0,09%"
"13/01/2021","1.107","1.098","1.115","1.098","0,30K","-0,45%"
"12/01/2021","1.112","1.115","1.122","1.105","0,90K","0,63%"
"11/01/2021","1.105","1.095","1.105","1.095","0,20K","1,94%"
"08/01/2021","1.084","1.071","1.088","1.071","0,40K","2,17%"
"07/01/2021","1.061","1.061","1.061","1.055","1,80K","0,86%"
"06/01/2021","1.052","1.058","1.058","1.044","0,30K","-1,59%"
"05/01/2021","1.069","1.069","1.069","1.069","0,10K","0,66%"
"04/01/2021","1.062","1.040","1.062","1.040","0,30K","1,14%"
"29/12/2020","1.050","1.050","1.050","1.050","0,10K","-0,76%"
"28/12/2020","1.058","1.050","1.058","1.050","0,20K","1,83%"
"23/12/2020","1.039","1.057","1.057","1.020","0,60K","-0,76%"
"22/12/2020","1.047","1.047","1.047","1.047","0,10K","-3,68%"
"21/12/2020","1.087","1.075","1.087","1.075","4,30K","0,46%"
"18/12/2020","1.082","1.082","1.082","1.082","1,00K","-0,82%"
"17/12/2020","1.091","1.091","1.091","1.079","0,50K","0,55%"
"16/12/2020","1.085","1.071","1.085","1.071","4,10K","1,97%"
"15/12/2020","1.064","1.051","1.064","1.051","1,20K","1,04%"
"11/12/2020","1.053","1.053","1.053","1.053","10,10K","0,29%"
"10/12/2020","1.050","1.060","1.060","1.050","1,50K","-0,19%"
"07/12/2020","1.052","1.034","1.052","1.034","3,00K","1,94%"
"02/12/2020","1.032","1.020","1.032","1.020","0,20K","1,28%"
"01/12/2020","1.019","1.007","1.019","1.007","0,20K","0,20%"
"30/11/2020","1.017","1.017","1.017","1.017","0,30K","-2,68%"
"27/11/2020","1.045","1.033","1.045","1.033","1,10K","0,87%"
"26/11/2020","1.036","1.035","1.036","1.035","2,60K","0,29%"
"25/11/2020","1.033","1.020","1.034","1.020","2,50K","1,27%"
"24/11/2020","1.020","1.130","1.130","1.018","7,30K","1,49%"