"Tanggal","Terakhir","Pembukaan","Tertinggi","Terendah","Vol.","Perubahan%"
"05/01/2026","1.010","1.000","1.010","1.000","0,20K","1,00%"
"29/12/2025","1.000","1.000","1.000","1.000","0,10K","0,70%"
"23/12/2025","993","993","993","993","0,10K","-0,50%"
"22/12/2025","998","985","998","985","0,20K","-0,50%"
"18/12/2025","1.003","992","1.003","992","0,40K","0,60%"
"17/12/2025","997","997","997","997","0,10K","0,40%"
"16/12/2025","993","993","993","993","0,20K","-0,90%"
"15/12/2025","1.002","1.002","1.002","1.002","0,10K","1,62%"
"12/12/2025","986","986","986","986","0,10K","0,72%"
"11/12/2025","979","979","979","979","0,10K","-2,30%"
"10/12/2025","1.002","1.002","1.002","1.002","0,10K","0,80%"
"09/12/2025","994","994","994","994","0,10K","-0,90%"
"08/12/2025","1.003","1.008","1.008","1.003","0,40K","0,40%"
"03/12/2025","999","999","999","999","0,10K","0,71%"
"28/11/2025","992","992","992","992","0,10K","-0,80%"
"27/11/2025","1.000","1.000","1.000","1.000","0,10K","-0,99%"
"26/11/2025","1.010","1.010","1.010","1.010","0,10K","0,50%"
"25/11/2025","1.005","1.005","1.005","1.005","0,10K","-0,69%"
"24/11/2025","1.012","1.012","1.012","1.012","0,10K","1,71%"
"21/11/2025","995","995","995","995","0,10K","-1,09%"
"19/11/2025","1.006","1.006","1.006","1.006","0,10K","0,60%"
"18/11/2025","1.000","1.000","1.000","1.000","0,10K","-1,19%"
"17/11/2025","1.012","1.012","1.012","1.012","0,10K","0,70%"
"13/11/2025","1.005","1.011","1.011","1.005","0,20K","-1,18%"
"12/11/2025","1.017","1.017","1.017","1.017","0,10K","1,29%"
"11/11/2025","1.004","1.004","1.004","1.004","0,10K","-0,69%"
"06/11/2025","1.011","1.011","1.011","1.011","0,10K","0,60%"
"04/11/2025","1.005","1.005","1.005","1.005","0,10K","0,60%"
"29/10/2025","999","971","999","971","0,30K","1,94%"
"27/10/2025","980","980","980","980","0,10K","-1,41%"
"24/10/2025","994","994","994","994","0,10K","0,71%"
"23/10/2025","987","987","987","987","0,10K","2,28%"
"22/10/2025","965","960","965","960","1,20K","-0,82%"
"21/10/2025","973","973","973","973","1,20K","2,53%"
"20/10/2025","949","949","949","949","0,10K","3,83%"
"17/10/2025","914","914","914","914","0,10K","-0,98%"
"14/10/2025","923","923","923","923","0,10K","-1,81%"
"13/10/2025","940","940","940","940","0,10K","-0,63%"
"10/10/2025","946","946","946","946","0,10K","-0,73%"
"09/10/2025","953","939","953","939","8,00K","1,49%"
"01/10/2025","939","939","939","939","0,10K","-0,95%"
"30/09/2025","948","948","948","948","0,10K","-1,15%"
"29/09/2025","959","959","959","959","0,10K","0,52%"
"26/09/2025","954","954","954","954","0,20K","0,00%"
"25/09/2025","954","954","954","954","0,10K","-0,83%"
"17/09/2025","962","962","962","962","0,10K","0,73%"
"15/09/2025","955","955","955","955","0,10K","0,95%"
"12/09/2025","946","946","946","946","0,10K","0,53%"
"11/09/2025","941","941","941","941","0,10K","1,84%"
"10/09/2025","924","924","924","924","0,10K","1,20%"
"09/09/2025","913","913","913","913","0,10K","-1,83%"
"08/09/2025","930","930","930","930","0,10K","-1,48%"
"04/09/2025","944","944","944","944","0,10K","0,64%"
"02/09/2025","938","938","938","938","0,10K","1,08%"
"01/09/2025","928","928","928","928","0,10K","-1,80%"
"29/08/2025","945","962","962","945","0,50K","-1,77%"
"26/08/2025","962","962","962","962","0,10K","-1,64%"
"25/08/2025","978","968","978","968","3,10K","0,20%"
"20/08/2025","976","976","976","976","0,10K","1,35%"
"19/08/2025","963","963","963","963","0,10K","-0,82%"
"15/08/2025","971","971","971","971","0,10K","-0,82%"
"13/08/2025","979","979","979","979","0,10K","0,82%"
"12/08/2025","971","971","971","971","0,10K","3,41%"
"07/08/2025","939","939","939","939","0,10K","-0,74%"
"05/08/2025","946","946","946","946","0,10K","0,96%"
"31/07/2025","937","937","937","937","0,10K","-0,53%"
"30/07/2025","942","942","942","942","0,10K","-0,74%"
"28/07/2025","949","949","949","949","0,10K","1,28%"
"25/07/2025","937","937","937","937","0,10K","-0,74%"
"24/07/2025","944","932","944","932","0,20K","1,29%"
"17/07/2025","932","932","932","932","0,10K","1,08%"
"15/07/2025","922","922","922","922","0,10K","0,88%"
"14/07/2025","914","914","914","914","0,10K","-1,51%"
"11/07/2025","928","928","928","928","0,10K","1,20%"
"10/07/2025","917","917","917","917","0,10K","2,12%"
"08/07/2025","898","898","898","898","0,10K","-0,66%"
"03/07/2025","904","904","904","904","0,10K","0,67%"
"02/07/2025","898","898","898","898","0,10K","-0,55%"
"01/07/2025","903","903","903","903","0,10K","-1,31%"
"30/06/2025","915","915","915","915","0,10K","1,55%"
"26/06/2025","901","901","901","901","0,10K","0,78%"
"25/06/2025","894","894","894","894","0,10K","-1,22%"
"24/06/2025","905","905","905","905","0,10K","1,46%"
"23/06/2025","892","892","892","892","0,10K","-2,73%"
"19/06/2025","917","917","917","917","0,10K","-2,24%"
"18/06/2025","938","938","938","938","0,10K","-0,64%"
"16/06/2025","944","944","944","944","0,10K","-0,74%"
"10/06/2025","951","951","951","951","0,10K","1,49%"
"02/06/2025","937","937","937","937","0,10K","-2,60%"
"23/05/2025","962","962","962","962","0,10K","0,52%"
"21/05/2025","957","957","957","957","0,10K","1,16%"
"20/05/2025","946","946","946","946","0,10K","-0,73%"
"19/05/2025","953","953","953","953","0,10K","1,93%"
"15/05/2025","935","935","935","935","0,10K","1,85%"
"14/05/2025","918","918","918","918","0,10K","3,03%"
"08/05/2025","891","905","905","891","1,30K","-1,55%"
"06/05/2025","905","905","905","905","0,10K","0,56%"
"05/05/2025","900","900","900","900","0,10K","1,35%"
"30/04/2025","888","888","888","888","0,10K","1,02%"
"25/04/2025","879","879","879","879","0,10K","1,15%"
"23/04/2025","869","869","869","869","0,10K","2,12%"
"22/04/2025","851","851","851","851","0,10K","1,43%"
"16/04/2025","839","839","839","839","0,10K","-0,71%"
"14/04/2025","845","845","845","845","0,10K","3,05%"
"10/04/2025","820","820","820","820","0,10K","5,94%"
"08/04/2025","774","774","774","774","0,10K","-8,62%"
"26/03/2025","847","847","847","847","0,10K","4,70%"
"25/03/2025","809","809","809","809","0,10K","2,53%"
"21/03/2025","789","789","789","789","0,10K","-2,71%"
"20/03/2025","811","811","811","811","0,10K","-0,61%"
"19/03/2025","816","816","816","816","0,10K","2,13%"
"18/03/2025","799","799","799","799","36,10K","-3,97%"
"14/03/2025","832","832","832","832","0,10K","-1,42%"
"13/03/2025","844","844","844","844","0,10K","-0,71%"
"12/03/2025","850","850","850","850","0,10K","1,92%"
"11/03/2025","834","834","834","834","0,10K","-1,07%"
"10/03/2025","843","843","843","843","0,60K","-1,40%"
"07/03/2025","855","855","855","855","0,10K","-0,58%"
"06/03/2025","860","860","860","860","0,10K","1,06%"
"05/03/2025","851","851","851","851","0,10K","2,65%"
"04/03/2025","829","829","829","829","0,10K","-1,19%"
"03/03/2025","839","839","839","839","0,10K","4,88%"
"28/02/2025","800","800","800","800","0,10K","-3,50%"
"27/02/2025","829","843","843","829","0,30K","-2,01%"
"26/02/2025","846","846","846","846","0,10K","-0,70%"
"25/02/2025","852","852","852","852","0,10K","-2,52%"
"24/02/2025","874","874","874","874","0,10K","-0,57%"
"21/02/2025","879","879","879","879","0,10K","-1,01%"
"19/02/2025","888","888","888","888","0,10K","-2,42%"
"18/02/2025","910","910","910","910","0,10K","0,55%"
"17/02/2025","905","905","905","905","0,10K","3,55%"
"12/02/2025","874","874","874","874","0,10K","1,39%"
"11/02/2025","862","862","862","862","0,10K","-1,60%"
"10/02/2025","876","876","876","876","0,10K","-0,79%"
"07/02/2025","883","883","883","883","0,10K","0,68%"
"06/02/2025","877","877","877","877","0,10K","-3,52%"
"05/02/2025","909","909","909","909","0,10K","-1,41%"
"04/02/2025","922","922","922","922","0,10K","-2,12%"
"31/01/2025","942","942","942","942","0,10K","1,95%"
"30/01/2025","924","924","924","924","0,10K","-2,12%"
"24/01/2025","944","944","944","944","0,10K","-1,05%"
"22/01/2025","954","954","954","954","0,10K","0,95%"
"20/01/2025","945","945","945","945","0,10K","0,75%"
"16/01/2025","938","938","938","938","0,10K","0,64%"
"15/01/2025","932","932","932","932","0,10K","2,19%"
"13/01/2025","912","912","912","912","0,10K","-1,30%"
"07/01/2025","924","924","924","924","0,10K","-0,75%"
"06/01/2025","931","931","931","931","0,10K","-0,85%"
"02/01/2025","939","939","939","939","0,10K","1,29%"
"23/12/2024","927","927","927","927","0,10K","1,87%"
"19/12/2024","910","910","910","910","0,10K","-2,57%"
"18/12/2024","934","934","934","934","0,10K","-0,53%"
"17/12/2024","939","939","939","939","0,10K","-1,88%"
"16/12/2024","957","957","957","957","0,10K","-0,93%"
"13/12/2024","966","966","966","966","0,10K","-1,23%"
"12/12/2024","978","978","978","978","0,10K","-1,51%"
"10/12/2024","993","993","993","993","0,10K","0,81%"
"06/12/2024","985","985","985","985","0,10K","0,92%"
"05/12/2024","976","976","976","976","0,10K","-0,81%"
"04/12/2024","984","984","984","984","0,10K","1,86%"
"03/12/2024","966","966","966","966","0,10K","2,22%"
"02/12/2024","945","945","945","945","0,10K","-0,74%"
"29/11/2024","952","952","952","952","0,10K","-2,06%"
"28/11/2024","972","972","972","972","0,10K","-0,82%"
"26/11/2024","980","980","980","980","0,10K","-1,21%"
"25/11/2024","992","992","992","992","0,10K","2,37%"
"22/11/2024","969","969","969","969","0,10K","0,94%"
"21/11/2024","960","960","960","960","0,10K","-1,13%"
"19/11/2024","971","971","971","971","0,10K","1,15%"
"18/11/2024","960","960","960","960","0,10K","-0,52%"
"15/11/2024","965","965","965","965","0,20K","-0,62%"
"14/11/2024","971","971","971","971","0,10K","-1,02%"
"12/11/2024","981","981","981","981","0,10K","0,72%"
"11/11/2024","974","984","984","974","2,10K","-1,02%"
"08/11/2024","984","984","984","984","0,10K","-0,91%"
"07/11/2024","993","993","993","993","0,10K","-1,00%"
"06/11/2024","1.003","1.003","1.003","1.003","0,10K","-2,24%"
"05/11/2024","1.026","1.026","1.026","1.026","0,10K","0,69%"
"04/11/2024","1.019","1.019","1.019","1.019","0,10K","-0,78%"
"30/10/2024","1.027","1.027","1.027","1.027","0,10K","-0,58%"
"29/10/2024","1.033","1.033","1.033","1.033","0,10K","-0,86%"
"28/10/2024","1.042","1.042","1.042","1.042","0,10K","-0,86%"
"25/10/2024","1.051","1.051","1.051","1.051","0,10K","-0,66%"
"24/10/2024","1.058","1.058","1.058","1.058","0,10K","-0,56%"
"22/10/2024","1.064","1.064","1.064","1.064","0,10K","-0,56%"
"17/10/2024","1.070","1.070","1.070","1.070","0,10K","1,52%"
"15/10/2024","1.054","1.054","1.054","1.054","0,10K","0,67%"
"09/10/2024","1.047","1.047","1.047","1.047","0,10K","-0,57%"
"08/10/2024","1.053","1.053","1.053","1.053","0,10K","1,45%"
"04/10/2024","1.038","1.038","1.038","1.038","0,10K","-0,86%"
"02/10/2024","1.047","1.047","1.047","1.047","0,10K","-1,13%"
"01/10/2024","1.059","1.059","1.059","1.059","0,10K","0,67%"
"30/09/2024","1.052","1.052","1.052","1.052","0,10K","-1,41%"
"27/09/2024","1.067","1.067","1.067","1.067","0,10K","-0,74%"
"25/09/2024","1.075","1.075","1.075","1.075","0,10K","-1,92%"
"24/09/2024","1.096","1.096","1.096","1.096","0,10K","0,74%"
"19/09/2024","1.088","1.088","1.088","1.088","0,10K","1,12%"
"18/09/2024","1.076","1.076","1.076","1.076","0,10K","0,47%"
"17/09/2024","1.071","1.071","1.071","1.071","0,10K","0,66%"
"12/09/2024","1.064","1.064","1.064","1.064","0,10K","0,85%"
"10/09/2024","1.055","1.055","1.055","1.055","0,10K","0,76%"
"09/09/2024","1.047","1.047","1.047","1.047","0,10K","-0,57%"
"06/09/2024","1.053","1.053","1.053","1.053","0,10K","0,48%"
"03/09/2024","1.048","1.048","1.048","1.048","0,20K","-0,85%"
"02/09/2024","1.057","1.057","1.057","1.057","0,10K","1,34%"
"30/08/2024","1.043","1.043","1.043","1.043","0,10K","-0,86%"
"28/08/2024","1.052","1.052","1.052","1.052","0,10K","1,06%"
"27/08/2024","1.041","1.041","1.041","1.041","0,10K","-1,23%"
"26/08/2024","1.054","1.054","1.054","1.054","0,10K","0,67%"
"23/08/2024","1.047","1.047","1.047","1.047","0,10K","1,45%"
"22/08/2024","1.032","1.032","1.032","1.032","0,10K","-1,62%"
"21/08/2024","1.049","1.049","1.049","1.049","0,10K","0,67%"
"20/08/2024","1.042","1.029","1.042","1.029","1,10K","1,66%"
"16/08/2024","1.025","1.025","1.025","1.025","0,10K","0,69%"
"15/08/2024","1.018","1.018","1.018","1.018","0,10K","-0,49%"
"14/08/2024","1.023","1.023","1.023","1.023","0,10K","1,09%"
"13/08/2024","1.012","1.012","1.012","1.012","0,10K","1,00%"
"12/08/2024","1.002","999","1.002","999","0,20K","0,60%"
"08/08/2024","996","996","996","996","0,10K","0,81%"
"07/08/2024","988","988","988","988","0,10K","0,41%"
"06/08/2024","984","978","984","977","0,30K","1,44%"
"05/08/2024","970","970","970","970","0,10K","-3,29%"
"02/08/2024","1.003","1.003","1.003","1.003","0,10K","-0,50%"
"01/08/2024","1.008","1.008","1.008","1.008","0,10K","1,72%"
"30/07/2024","991","991","991","991","0,10K","-0,90%"
"29/07/2024","1.000","1.000","1.000","1.000","0,10K","-0,60%"
"26/07/2024","1.006","1.006","1.006","1.006","0,10K","0,50%"
"24/07/2024","1.001","1.001","1.001","1.001","0,10K","-0,50%"
"23/07/2024","1.006","1.006","1.006","1.006","0,10K","-0,89%"
"22/07/2024","1.015","1.015","1.015","1.015","0,10K","1,10%"
"19/07/2024","1.004","1.004","1.004","1.004","0,10K","-0,69%"
"18/07/2024","1.011","1.011","1.011","1.011","0,10K","1,40%"
"17/07/2024","997","997","997","997","0,10K","0,71%"
"16/07/2024","990","990","990","990","0,10K","-0,60%"
"15/07/2024","996","996","996","996","0,10K","-0,99%"
"12/07/2024","1.006","1.006","1.006","1.006","0,10K","0,70%"
"10/07/2024","999","999","999","999","0,10K","1,22%"
"04/07/2024","987","987","987","987","0,10K","0,82%"
"03/07/2024","979","979","979","979","0,10K","0,51%"
"02/07/2024","974","974","974","974","0,10K","-0,61%"
"01/07/2024","980","980","980","980","0,10K","0,51%"
"28/06/2024","975","975","975","975","0,10K","1,99%"
"27/06/2024","956","956","956","956","0,10K","1,38%"
"25/06/2024","943","943","943","943","0,10K","-1,57%"
"21/06/2024","958","958","958","958","0,10K","3,01%"
"20/06/2024","930","930","930","930","0,10K","1,75%"
"19/06/2024","914","914","914","914","0,10K","-0,33%"
"14/06/2024","917","917","917","917","0,10K","-2,65%"
"12/06/2024","942","942","942","942","0,10K","-1,05%"
"11/06/2024","952","952","952","952","0,10K","-1,86%"
"10/06/2024","970","970","970","970","1,00K","0,00%"
"07/06/2024","970","970","970","970","0,10K","-0,51%"
"06/06/2024","975","975","975","975","0,10K","1,04%"
"05/06/2024","965","965","965","965","0,10K","-1,43%"
"04/06/2024","979","979","979","979","0,10K","0,62%"
"03/06/2024","973","973","973","973","0,10K","1,67%"
"31/05/2024","957","957","957","957","0,10K","-0,52%"
"30/05/2024","962","941","962","941","0,20K","0,10%"
"29/05/2024","961","961","961","961","0,10K","-1,84%"
"28/05/2024","979","979","979","979","0,10K","1,14%"
"27/05/2024","968","968","968","968","0,10K","-1,53%"
"21/05/2024","983","983","983","983","0,10K","-1,60%"
"20/05/2024","999","999","999","999","0,10K","-2,06%"
"17/05/2024","1.020","1.020","1.020","1.020","0,10K","1,29%"
"16/05/2024","1.007","1.004","1.007","993","0,30K","1,51%"
"15/05/2024","992","992","992","992","0,10K","0,71%"
"07/05/2024","985","985","985","985","0,10K","-0,91%"
"06/05/2024","994","994","994","994","0,10K","0,71%"
"02/05/2024","987","987","987","987","0,10K","-1,79%"
"29/04/2024","1.005","1.005","1.005","1.005","0,10K","1,41%"
"26/04/2024","991","991","991","991","0,10K","-2,27%"
"25/04/2024","1.014","1.014","1.014","1.014","0,10K","-0,49%"
"23/04/2024","1.019","1.019","1.019","1.019","0,10K","0,59%"
"19/04/2024","1.013","1.013","1.013","1.013","0,10K","-1,36%"
"16/04/2024","1.027","1.056","1.056","1.027","1,10K","-2,75%"
"04/04/2024","1.056","1.056","1.056","1.056","0,50K","0,57%"
"03/04/2024","1.050","1.050","1.050","1.050","0,10K","-1,04%"
"01/04/2024","1.061","1.061","1.061","1.061","0,10K","-1,67%"
"28/03/2024","1.079","1.079","1.079","1.079","0,10K","-1,10%"
"22/03/2024","1.091","1.091","1.091","1.091","0,10K","-0,46%"
"21/03/2024","1.096","1.096","1.096","1.096","0,10K","0,55%"
"19/03/2024","1.090","1.090","1.090","1.090","0,10K","0,65%"
"15/03/2024","1.083","1.083","1.083","1.083","0,10K","-1,01%"
"14/03/2024","1.094","1.094","1.094","1.094","0,10K","1,30%"
"08/03/2024","1.080","1.080","1.080","1.080","0,10K","0,75%"
"06/03/2024","1.072","1.072","1.072","1.072","0,10K","1,52%"
"04/03/2024","1.056","1.056","1.056","1.056","0,10K","-0,47%"
"01/03/2024","1.061","1.046","1.061","1.046","0,40K","-0,56%"
"23/02/2024","1.067","1.067","1.067","1.067","0,10K","-0,93%"
"21/02/2024","1.077","1.077","1.077","1.077","0,10K","-0,92%"
"20/02/2024","1.087","1.087","1.087","1.087","0,10K","0,93%"
"19/02/2024","1.077","1.083","1.083","1.077","0,40K","-0,83%"
"15/02/2024","1.086","1.086","1.086","1.086","0,10K","1,69%"
"13/02/2024","1.068","1.068","1.068","1.068","0,10K","-0,37%"
"12/02/2024","1.072","1.072","1.072","1.072","0,10K","1,13%"
"07/02/2024","1.060","1.060","1.060","1.060","0,10K","0,47%"
"02/02/2024","1.055","1.055","1.055","1.055","0,10K","0,67%"
"30/01/2024","1.048","1.048","1.048","1.048","0,10K","1,75%"
"29/01/2024","1.030","1.030","1.030","1.030","0,10K","0,98%"
"26/01/2024","1.020","1.020","1.020","1.020","0,10K","-1,64%"
"24/01/2024","1.037","1.037","1.037","1.037","0,10K","-0,48%"
"23/01/2024","1.042","1.042","1.042","1.042","0,10K","-0,67%"
"22/01/2024","1.049","1.037","1.049","1.037","5,10K","-0,47%"
"19/01/2024","1.054","1.054","1.054","1.054","0,10K","-0,47%"
"17/01/2024","1.059","1.059","1.059","1.059","0,10K","-0,94%"
"15/01/2024","1.069","1.069","1.069","1.069","0,10K","0,47%"
"11/01/2024","1.064","1.064","1.064","1.064","0,10K","0,57%"
"08/01/2024","1.058","1.058","1.058","1.058","0,10K","-0,94%"
"04/01/2024","1.068","1.068","1.068","1.068","0,10K","1,71%"
"28/12/2023","1.050","1.050","1.050","1.050","0,10K","0,96%"
"22/12/2023","1.040","1.040","1.040","1.040","0,10K","0,58%"
"19/12/2023","1.034","1.034","1.034","1.034","0,10K","0,88%"
"18/12/2023","1.025","1.025","1.025","1.025","0,10K","-1,35%"
"14/12/2023","1.039","1.039","1.039","1.039","0,10K","2,87%"
"13/12/2023","1.010","1.010","1.010","1.010","0,10K","-1,37%"
"12/12/2023","1.024","1.024","1.024","1.024","0,10K","0,99%"
"11/12/2023","1.014","1.014","1.014","1.014","0,10K","-1,93%"
"08/12/2023","1.034","1.034","1.034","1.034","0,10K","0,78%"
"06/12/2023","1.026","1.018","1.026","1.018","1,10K","0,10%"
"05/12/2023","1.025","1.025","1.025","1.025","1,00K","-0,97%"
"04/12/2023","1.035","1.035","1.035","1.035","0,10K","0,58%"
"01/12/2023","1.029","1.024","1.029","1.024","0,20K","1,18%"
"30/11/2023","1.017","1.017","1.017","1.017","0,10K","0,49%"
"29/11/2023","1.012","1.012","1.012","1.012","0,10K","-0,49%"
"28/11/2023","1.017","1.017","1.017","1.017","0,10K","0,20%"
"27/11/2023","1.015","1.015","1.015","1.015","5,00K","0,00%"